fund_code,fund_name,2025-07-01,2025-07-02,2025-07-03,2025-07-04,2025-07-07,2025-07-08,2025-07-09,2025-07-10,2025-07-11,2025-07-14,2025-07-15,2025-07-16,2025-07-17,2025-07-18,2025-07-21,2025-07-22,2025-07-23,2025-07-24,2025-07-25,2025-07-28,2025-07-29,2025-07-30,2025-07-31,2025-08-01,2025-08-04,2025-08-05,2025-08-06,2025-08-07,2025-08-08,2025-08-11,2025-08-12,2025-08-13,2025-08-14,2025-08-15,2025-08-18,2025-08-19,2025-08-20,2025-08-21,2025-08-22,2025-08-25,2025-08-26,2025-08-27,2025-08-28,2025-08-29,2025-09-01,2025-09-02,2025-09-03,2025-09-04,2025-09-05,2025-09-08,2025-09-09,2025-09-10,2025-09-11,2025-09-12,2025-09-15,2025-09-16,2025-09-17,2025-09-18,2025-09-19,2025-09-22,2025-09-23,2025-09-24,2025-09-25,2025-09-26,2025-09-29,2025-09-30,2025-10-09,2025-10-10,2025-10-13,2025-10-14,2025-10-15,2025-10-16,2025-10-17,2025-10-20,2025-10-21,2025-10-22,2025-10-23,2025-10-24,2025-10-27,2025-10-28,2025-10-29,2025-10-30,2025-10-31,2025-11-03,2025-11-04,2025-11-05,2025-11-06,2025-11-07,2025-11-10,2025-11-11,2025-11-12,2025-11-13,2025-11-14,2025-11-17,2025-11-18,2025-11-19,2025-11-20,2025-11-21,2025-11-24,2025-11-25,2025-11-26,2025-11-27,2025-11-28,2025-12-01,2025-12-02,2025-12-03,2025-12-04,2025-12-05,2025-12-08,2025-12-09,2025-12-10,2025-12-11,2025-12-12,2025-12-15,2025-12-16,2025-12-17,2025-12-18,2025-12-19,2025-12-22,2025-12-23,2025-12-24,2025-12-25,2025-12-26,2025-12-29,2025-12-30,2025-12-31,2026-01-05,2026-01-06,2026-01-07,2026-01-08,2026-01-09,2026-01-12,2026-01-13,2026-01-14,2026-01-15,2026-01-16,2026-01-19,2026-01-20,2026-01-21,2026-01-22,2026-01-23,2026-01-26,2026-01-27,2026-01-28,2026-01-29,2026-01-30,2026-02-02,2026-02-03,2026-02-04,2026-02-05,2026-02-06,2026-02-09,2026-02-10,2026-02-11,2026-02-12,2026-02-13,2026-02-24,2026-02-25,2026-02-26,2026-02-27,2026-03-02,2026-03-03,2026-03-04,2026-03-05,2026-03-06,2026-03-09,2026-03-10,2026-03-11,2026-03-12,2026-03-13,2026-03-16,2026-03-17,2026-03-18,2026-03-19,2026-03-20,2026-03-23,2026-03-24,2026-03-25,2026-03-26,2026-03-27,2026-03-30,2026-03-31,2026-04-01,2026-04-02,2026-04-03,2026-04-07,2026-04-08,2026-04-09,2026-04-10,2026-04-13,2026-04-14,2026-04-15,2026-04-16,2026-04-17,2026-04-20,2026-04-21,2026-04-22,2026-04-23,2026-04-24,2026-04-27,2026-04-28,2026-04-29,2026-04-30,2026-05-06,2026-05-07,2026-05-08,2026-05-11,2026-05-12,2026-05-13,2026-05-14,2026-05-15,2026-05-18,2026-05-19,2026-05-20,2026-05-21,2026-05-22,2026-05-25,2026-05-26,2026-05-27,2026-05-28,2026-05-29,2026-06-01,2026-06-02,2026-06-03,2026-06-04,2026-06-05,2026-06-08,2026-06-09,2026-06-10,2026-06-11,2026-06-12,2026-06-15,2026-06-16,2026-06-17,2026-06-18,2026-06-22,2026-06-23,2026-06-24,2026-06-25,2026-06-26,2026-06-29,2026-06-30,2026-07-01
006729.OF,万家中证500指数增强A,1.8392,1.8361,1.8426,1.8381,1.8375,1.8519,1.8506,1.8552,1.8617,1.8643,1.8661,1.8678,1.8801,1.8826,1.8946,1.9019,1.8975,1.9095,1.9134,1.9196,1.9263,1.9195,1.9024,1.9053,1.9159,1.9273,1.9388,1.9341,1.9314,1.9461,1.9505,1.9672,1.949,1.974,1.9965,1.9951,2.0131,2.0098,2.0255,2.0428,2.0463,2.0293,2.0557,2.0689,2.0868,2.0555,2.0335,2.0026,2.0433,2.0521,2.0393,2.0454,2.0844,2.0903,2.0875,2.0943,2.1035,2.0901,2.0904,2.0952,2.0827,2.1073,2.1088,2.0911,2.1086,2.1222,2.1536,2.1347,2.13,2.1021,2.1234,2.1116,2.0692,2.082,2.1088,2.0989,2.1026,2.1208,2.1397,2.1369,2.1586,2.1415,2.1372,2.1364,2.1137,2.1179,2.1371,2.1343,2.1407,2.1314,2.1261,2.1466,2.1266,2.1242,2.1079,2.1028,2.0932,2.0456,2.0593,2.0775,2.0783,2.0804,2.0954,2.11,2.1006,2.0928,2.0953,2.1168,2.132,2.126,2.1318,2.1176,2.1319,2.121,2.1015,2.1324,2.1254,2.1393,2.1557,2.1588,2.1767,2.1813,2.1905,2.1823,2.1873,2.1812,2.2211,2.2504,2.2596,2.2589,2.287,2.3173,2.2981,2.3105,2.3164,2.3223,2.3334,2.3205,2.3509,2.3595,2.388,2.3744,2.3847,2.3879,2.3608,2.3461,2.2869,2.3317,2.3342,2.3041,2.3121,2.3444,2.3483,2.35,2.3742,2.3589,2.3755,2.4008,2.4077,2.4142,2.4068,2.3348,2.3274,2.3401,2.3474,2.3274,2.3645,2.3699,2.3649,2.343,2.3385,2.3034,2.3177,2.277,2.2607,2.2005,2.2368,2.2694,2.2542,2.2778,2.281,2.2535,2.2814,2.2591,2.2416,2.2521,2.3182,2.3117,2.3298,2.3371,2.3597,2.3469,2.3791,2.3902,2.4037,2.4055,2.4306,2.4152,2.4103,2.4317,2.411,2.441,2.4426,2.4854,2.5124,2.5141,2.5494,2.5423,2.5669,2.5193,2.4901,2.4972,2.5081,2.5224,2.4705,2.516,2.5437,2.5391,2.514,2.5278,2.4803,2.4577,2.4745,2.4861,2.4851,2.465,2.4052,2.4582,2.4298,2.4271,2.4428,2.5101,2.5411,2.5676,2.5825,2.6226,2.5801,2.6202,2.6406,2.5842,2.5942,2.6537,2.6451
006730.OF,万家中证500指数增强C,1.7968,1.7938,1.8001,1.7957,1.7951,1.8091,1.8078,1.8123,1.8186,1.8211,1.8228,1.8245,1.8365,1.8389,1.8506,1.8577,1.8534,1.8651,1.8689,1.8749,1.8814,1.8747,1.858,1.8609,1.8712,1.8823,1.8935,1.8889,1.8863,1.9006,1.9048,1.9211,1.9033,1.9278,1.9496,1.9483,1.9659,1.9625,1.9779,1.9947,1.9981,1.9815,2.0073,2.0201,2.0376,2.007,1.9855,1.9553,1.9951,2.0036,1.9911,1.997,2.0351,2.0408,2.038,2.0446,2.0536,2.0405,2.0408,2.0454,2.0332,2.0571,2.0586,2.0414,2.0584,2.0716,2.1021,2.0837,2.079,2.0517,2.0725,2.061,2.0197,2.032,2.0582,2.0485,2.0521,2.0698,2.0882,2.0855,2.1066,2.0899,2.0857,2.0849,2.0627,2.0668,2.0855,2.0828,2.089,2.0799,2.0747,2.0947,2.0751,2.0728,2.0569,2.0519,2.0425,1.996,2.0094,2.0271,2.0278,2.0299,2.0444,2.0587,2.0495,2.0419,2.0443,2.0653,2.08,2.0741,2.0798,2.0659,2.0799,2.0692,2.0502,2.0803,2.0734,2.087,2.1029,2.1059,2.1233,2.1278,2.1367,2.1287,2.1336,2.1276,2.1665,2.1949,2.2039,2.2032,2.2306,2.26,2.2412,2.2533,2.2591,2.2648,2.2756,2.263,2.2927,2.301,2.3289,2.3155,2.3256,2.3287,2.3022,2.2878,2.23,2.2737,2.2762,2.2467,2.2546,2.2859,2.2897,2.2914,2.315,2.3,2.316,2.3407,2.3474,2.3537,2.3465,2.2762,2.269,2.2813,2.2884,2.2689,2.305,2.3103,2.3054,2.284,2.2796,2.2453,2.2593,2.2196,2.2036,2.1448,2.1803,2.2121,2.1972,2.2202,2.2233,2.1964,2.2236,2.2018,2.1847,2.195,2.2593,2.253,2.2707,2.2777,2.2997,2.2872,2.3186,2.3294,2.3425,2.3443,2.3687,2.3536,2.3488,2.3697,2.3495,2.3787,2.3802,2.4219,2.4481,2.4498,2.4842,2.4772,2.5011,2.4547,2.4263,2.4331,2.4437,2.4577,2.407,2.4514,2.4783,2.4737,2.4493,2.4628,2.4165,2.3944,2.4107,2.422,2.421,2.4013,2.343,2.3947,2.367,2.3644,2.3796,2.4451,2.4753,2.5011,2.5156,2.5546,2.5132,2.5523,2.5721,2.5171,2.5268,2.5847,2.5763
014305.OF,华泰柏瑞中证500指数增强A,1.0898,1.0841,1.0908,1.0881,1.0859,1.1014,1.0981,1.1028,1.111,1.1112,1.1144,1.1157,1.1263,1.1286,1.14,1.1508,1.1488,1.1637,1.1659,1.1722,1.1803,1.1762,1.1637,1.1631,1.1721,1.1808,1.1894,1.1868,1.1829,1.1933,1.1978,1.216,1.2013,1.2241,1.2364,1.2327,1.2458,1.2423,1.2627,1.2863,1.2876,1.2738,1.2956,1.3077,1.3198,1.2952,1.2817,1.2455,1.2883,1.2995,1.2885,1.2912,1.3272,1.3296,1.3272,1.3335,1.3467,1.3348,1.3359,1.343,1.3339,1.3618,1.3674,1.3499,1.3714,1.3855,1.4052,1.3788,1.3717,1.3422,1.361,1.3493,1.3148,1.3253,1.3478,1.3402,1.3449,1.3691,1.3912,1.3871,1.4122,1.3939,1.3797,1.3757,1.353,1.3549,1.3771,1.3722,1.3728,1.3611,1.3567,1.3746,1.3529,1.347,1.3325,1.3307,1.3207,1.2765,1.2854,1.3025,1.3066,1.308,1.3207,1.333,1.3242,1.322,1.3258,1.3405,1.3525,1.3445,1.3505,1.336,1.3496,1.3406,1.3243,1.3551,1.3446,1.3533,1.3686,1.375,1.3911,1.3962,1.4041,1.3962,1.4027,1.3995,1.4334,1.4584,1.4642,1.4576,1.48,1.5015,1.486,1.4936,1.5012,1.5085,1.517,1.5115,1.5336,1.5449,1.5689,1.5602,1.5686,1.5763,1.5593,1.5351,1.4756,1.5117,1.5173,1.4934,1.4947,1.5213,1.5214,1.5288,1.5467,1.5244,1.5409,1.566,1.5742,1.5871,1.5874,1.528,1.5194,1.5279,1.5359,1.5221,1.5475,1.5534,1.5473,1.5309,1.5226,1.4951,1.5083,1.4683,1.458,1.4012,1.4307,1.4589,1.4406,1.4586,1.4615,1.4357,1.4633,1.439,1.4288,1.4343,1.5006,1.4935,1.5128,1.5153,1.537,1.5278,1.5607,1.5641,1.5717,1.577,1.5925,1.5791,1.5765,1.5816,1.5701,1.6027,1.6003,1.6379,1.6501,1.6441,1.6747,1.6729,1.6916,1.6528,1.6315,1.6286,1.6387,1.6522,1.6149,1.6454,1.6606,1.6613,1.6424,1.6442,1.6145,1.6015,1.6123,1.6164,1.6147,1.5884,1.5388,1.5808,1.5673,1.5679,1.5908,1.6445,1.658,1.683,1.6897,1.7297,1.6973,1.7281,1.7474,1.705,1.7293,1.7678,1.7716
014306.OF,华泰柏瑞中证500指数增强C,1.0761,1.0705,1.0771,1.0744,1.0722,1.0875,1.0842,1.0889,1.0969,1.0971,1.1002,1.1015,1.1119,1.1142,1.1254,1.1361,1.1341,1.1488,1.151,1.1571,1.1651,1.161,1.1487,1.1481,1.1569,1.1655,1.174,1.1714,1.1675,1.1778,1.1821,1.2002,1.1857,1.2081,1.2202,1.2166,1.2295,1.226,1.2461,1.2694,1.2706,1.257,1.2785,1.2905,1.3024,1.278,1.2647,1.229,1.2712,1.2822,1.2714,1.274,1.3095,1.3118,1.3095,1.3156,1.3286,1.3169,1.318,1.3249,1.316,1.3434,1.349,1.3316,1.3529,1.3668,1.386,1.36,1.353,1.3238,1.3424,1.3308,1.2968,1.307,1.3292,1.3217,1.3264,1.3502,1.372,1.3679,1.3926,1.3745,1.3606,1.3566,1.3342,1.336,1.3579,1.353,1.3536,1.342,1.3377,1.3553,1.334,1.3281,1.3138,1.312,1.3021,1.2585,1.2672,1.2841,1.2881,1.2895,1.302,1.314,1.3054,1.3032,1.3069,1.3215,1.3332,1.3253,1.3312,1.3168,1.3303,1.3213,1.3052,1.3357,1.3252,1.3338,1.3489,1.3552,1.371,1.376,1.3838,1.3759,1.3823,1.3792,1.4125,1.4372,1.4428,1.4364,1.4583,1.4795,1.4642,1.4717,1.4791,1.4863,1.4947,1.4892,1.5109,1.5221,1.5458,1.5371,1.5453,1.553,1.5362,1.5123,1.4537,1.4892,1.4947,1.4711,1.4724,1.4986,1.4986,1.5059,1.5235,1.5015,1.5176,1.5424,1.5504,1.5631,1.5633,1.5048,1.4963,1.5046,1.5126,1.4989,1.5239,1.5297,1.5237,1.5074,1.4993,1.4721,1.4851,1.4458,1.4356,1.3797,1.4087,1.4364,1.4184,1.4361,1.4388,1.4135,1.4406,1.4167,1.4066,1.412,1.4772,1.4703,1.4892,1.4916,1.513,1.5039,1.5362,1.5396,1.5471,1.5522,1.5674,1.5542,1.5517,1.5566,1.5453,1.5774,1.575,1.6119,1.6239,1.618,1.648,1.6462,1.6647,1.6264,1.6055,1.6025,1.6125,1.6257,1.589,1.619,1.6339,1.6346,1.6159,1.6177,1.5885,1.5757,1.5862,1.5902,1.5885,1.5627,1.5139,1.5552,1.5418,1.5424,1.565,1.6177,1.631,1.6555,1.6621,1.7014,1.6695,1.6998,1.7187,1.677,1.7009,1.7387,1.7424
004945.OF,长信中证500指数增强A,1.5239,1.5199,1.5247,1.5217,1.5223,1.5375,1.5342,1.5434,1.5603,1.5673,1.5703,1.5722,1.5837,1.5895,1.6057,1.6205,1.6187,1.6342,1.6353,1.644,1.6509,1.6433,1.6219,1.6223,1.6301,1.646,1.6573,1.6513,1.6473,1.667,1.6732,1.6954,1.6751,1.7081,1.7388,1.7337,1.756,1.7542,1.7804,1.8054,1.8102,1.789,1.813,1.8304,1.8516,1.8141,1.794,1.7601,1.8178,1.846,1.8282,1.8323,1.8784,1.8802,1.8771,1.8872,1.9048,1.8941,1.888,1.8927,1.8869,1.9293,1.9333,1.9149,1.9335,1.9504,1.985,1.9625,1.9484,1.9136,1.9378,1.9233,1.8814,1.894,1.9265,1.9108,1.9202,1.955,1.9789,1.9788,2.0107,1.9858,1.9728,1.9707,1.9351,1.9443,1.9692,1.9618,1.9584,1.9446,1.9346,1.9629,1.9355,1.9311,1.916,1.9098,1.8962,1.8357,1.8523,1.8751,1.8742,1.8794,1.8995,1.9143,1.9034,1.8968,1.9009,1.9212,1.9316,1.9197,1.9273,1.9081,1.9253,1.919,1.8959,1.9344,1.9305,1.9484,1.9616,1.9705,1.9857,1.996,1.9985,1.9887,1.994,1.9895,2.0363,2.0706,2.064,2.0644,2.0962,2.1296,2.1051,2.1083,2.1284,2.134,2.1511,2.1445,2.1851,2.2015,2.2367,2.2172,2.223,2.2289,2.201,2.1721,2.0972,2.1486,2.1492,2.122,2.1321,2.1613,2.1652,2.182,2.1962,2.1686,2.1942,2.2322,2.2359,2.2506,2.2408,2.1613,2.1466,2.1653,2.1758,2.1536,2.1938,2.2067,2.2041,2.192,2.1864,2.1532,2.174,2.1183,2.1062,2.0215,2.0642,2.1041,2.0856,2.1237,2.1304,2.1002,2.1477,2.1219,2.1007,2.1039,2.1976,2.1926,2.2245,2.2217,2.2532,2.2427,2.2912,2.297,2.3092,2.322,2.3433,2.3244,2.327,2.333,2.3223,2.3808,2.3649,2.4176,2.4133,2.3887,2.4223,2.4084,2.4313,2.3908,2.3435,2.3306,2.3232,2.3438,2.2817,2.328,2.3311,2.3218,2.2998,2.3009,2.2665,2.2571,2.2542,2.2595,2.2476,2.2225,2.1469,2.2037,2.1913,2.1842,2.2298,2.299,2.309,2.3366,2.3377,2.4008,2.3601,2.4053,2.4296,2.3604,2.3676,2.4058,2.4148
561550.OF,华泰柏瑞中证500增强策略ETF,0.9836,0.9784,0.9841,0.9813,0.9791,0.9945,0.992,0.9958,1.0024,1.0026,1.0061,1.007,1.0173,1.02,1.0322,1.0423,1.041,1.0552,1.0557,1.0625,1.0714,1.066,1.0536,1.0518,1.0616,1.0694,1.0786,1.0768,1.0737,1.0844,1.0888,1.1089,1.0934,1.1165,1.1305,1.1255,1.138,1.1357,1.1552,1.181,1.1812,1.1671,1.1906,1.2011,1.2143,1.1908,1.1786,1.1421,1.1796,1.1921,1.1835,1.1856,1.2193,1.2183,1.2163,1.2226,1.2369,1.2247,1.2256,1.232,1.2234,1.2516,1.2571,1.2371,1.2573,1.2748,1.2933,1.2663,1.2596,1.2266,1.2442,1.2347,1.1981,1.2078,1.2294,1.2206,1.2242,1.2498,1.2724,1.2673,1.2926,1.2727,1.2579,1.2541,1.2299,1.232,1.2536,1.2486,1.2464,1.2351,1.2295,1.2475,1.2256,1.2172,1.2016,1.2006,1.1903,1.1479,1.1558,1.1727,1.1769,1.1794,1.1928,1.2049,1.1971,1.1954,1.1998,1.2185,1.2332,1.2252,1.231,1.2165,1.2281,1.2205,1.205,1.2345,1.2247,1.233,1.2473,1.2545,1.2688,1.276,1.2848,1.2769,1.2823,1.2778,1.31,1.3345,1.3381,1.3298,1.3556,1.3805,1.3634,1.3717,1.3791,1.3841,1.3941,1.3825,1.4069,1.4166,1.4377,1.4309,1.442,1.4484,1.4303,1.41,1.3481,1.3851,1.3877,1.3609,1.3628,1.3897,1.3913,1.4021,1.4226,1.4007,1.42,1.4442,1.4515,1.4649,1.4671,1.4063,1.3977,1.4049,1.4116,1.3963,1.422,1.4263,1.42,1.4018,1.3888,1.359,1.3709,1.3284,1.3183,1.2628,1.2934,1.3208,1.3043,1.3212,1.3221,1.2956,1.3238,1.3002,1.2889,1.2962,1.3613,1.3561,1.3717,1.3747,1.393,1.3817,1.4148,1.4193,1.4283,1.4341,1.4497,1.44,1.437,1.4443,1.4321,1.4653,1.4609,1.499,1.5133,1.5107,1.5391,1.5363,1.5578,1.5186,1.498,1.4961,1.5125,1.5215,1.482,1.5126,1.5255,1.5222,1.5027,1.5093,1.4766,1.4601,1.4678,1.475,1.4722,1.4437,1.3929,1.4336,1.4197,1.4181,1.4349,1.4917,1.5089,1.5353,1.5422,1.5796,1.5485,1.5778,1.5949,1.551,1.5741,1.6108,1.6168
001556.OF,天弘中证500指数增强A,1.2536,1.2441,1.2522,1.2512,1.25,1.2671,1.2652,1.2735,1.2831,1.2831,1.2844,1.2877,1.3,1.3032,1.3196,1.3325,1.3323,1.3463,1.3476,1.3549,1.3615,1.3531,1.3362,1.3355,1.3431,1.3531,1.3607,1.3578,1.3573,1.3673,1.3713,1.3907,1.3725,1.401,1.4209,1.416,1.4322,1.4288,1.4514,1.4762,1.4797,1.4644,1.4934,1.4974,1.5095,1.477,1.4582,1.4225,1.4627,1.4762,1.4636,1.4661,1.5085,1.512,1.5099,1.5174,1.5334,1.5257,1.5231,1.5339,1.5234,1.5544,1.5618,1.5431,1.5649,1.5822,1.6124,1.5839,1.5818,1.5428,1.5674,1.5559,1.5112,1.5243,1.5544,1.5445,1.5436,1.5716,1.5975,1.593,1.6227,1.6041,1.5907,1.5915,1.567,1.5779,1.6026,1.598,1.5957,1.5825,1.5744,1.5974,1.5684,1.5668,1.5524,1.5448,1.531,1.4787,1.4904,1.5097,1.5121,1.5113,1.5301,1.5455,1.5325,1.5226,1.5248,1.5446,1.557,1.5492,1.5569,1.5391,1.5543,1.5459,1.5229,1.5537,1.5433,1.5556,1.5759,1.5802,1.5995,1.6079,1.6153,1.6082,1.6134,1.6106,1.6546,1.6859,1.6987,1.7015,1.7327,1.7678,1.7451,1.7609,1.7654,1.7701,1.7831,1.774,1.7992,1.8083,1.8472,1.8277,1.8305,1.8468,1.8254,1.7899,1.7162,1.7679,1.7765,1.7442,1.7467,1.7834,1.7877,1.7915,1.8124,1.7897,1.8043,1.8376,1.8468,1.8662,1.8702,1.7899,1.7844,1.7909,1.7998,1.783,1.8093,1.811,1.8034,1.7723,1.7592,1.7238,1.7426,1.6984,1.6744,1.6039,1.6385,1.6737,1.6502,1.6748,1.6823,1.6506,1.6819,1.6542,1.64,1.6466,1.7257,1.7198,1.7369,1.7359,1.756,1.7463,1.7766,1.786,1.8034,1.8049,1.8243,1.8058,1.7984,1.8136,1.7974,1.8204,1.8271,1.8728,1.8982,1.9008,1.9398,1.9298,1.9517,1.9004,1.8672,1.875,1.8927,1.9083,1.8616,1.8936,1.9241,1.9197,1.8907,1.9032,1.8639,1.8445,1.8523,1.8645,1.8633,1.8339,1.7683,1.8167,1.7924,1.7874,1.804,1.8687,1.8948,1.9216,1.9341,1.9828,1.9444,1.9835,2.0081,1.9565,1.9723,2.0142,2.0213
001557.OF,天弘中证500指数增强C,1.2152,1.206,1.2138,1.2129,1.2116,1.2283,1.2264,1.2344,1.2437,1.2436,1.245,1.2481,1.26,1.2631,1.279,1.2915,1.2912,1.3049,1.3061,1.3132,1.3195,1.3114,1.2949,1.2943,1.3016,1.3113,1.3186,1.3159,1.3154,1.325,1.3289,1.3477,1.33,1.3576,1.3769,1.3721,1.3877,1.3845,1.4063,1.4304,1.4337,1.4189,1.447,1.4509,1.4626,1.431,1.4128,1.3782,1.4171,1.4302,1.418,1.4204,1.4614,1.4648,1.4628,1.47,1.4855,1.478,1.4755,1.4859,1.4757,1.5058,1.5129,1.4948,1.5158,1.5326,1.5617,1.5341,1.5321,1.4943,1.5181,1.507,1.4637,1.4763,1.5054,1.4958,1.495,1.5221,1.5471,1.5428,1.5715,1.5535,1.5404,1.5412,1.5174,1.528,1.5519,1.5475,1.5451,1.5324,1.5245,1.5468,1.5187,1.5171,1.5031,1.4958,1.4824,1.4317,1.443,1.4617,1.464,1.4632,1.4814,1.4963,1.4837,1.4741,1.4762,1.4954,1.5073,1.4998,1.5073,1.4899,1.5047,1.4965,1.4742,1.504,1.494,1.5059,1.5255,1.5297,1.5483,1.5564,1.5635,1.5566,1.5617,1.5589,1.6015,1.6317,1.6441,1.6468,1.677,1.7109,1.689,1.7042,1.7086,1.7131,1.7256,1.7168,1.7412,1.75,1.7876,1.7687,1.7713,1.7872,1.7664,1.732,1.6607,1.7108,1.719,1.6878,1.6902,1.7256,1.7298,1.7335,1.7536,1.7316,1.7457,1.7778,1.7867,1.8055,1.8093,1.7316,1.7263,1.7325,1.7411,1.7249,1.7503,1.7519,1.7445,1.7145,1.7017,1.6675,1.6857,1.6429,1.6197,1.5514,1.5849,1.6189,1.5962,1.62,1.6272,1.5965,1.6268,1.5999,1.5862,1.5926,1.669,1.6633,1.6798,1.6788,1.6982,1.6889,1.7181,1.7272,1.744,1.7454,1.7642,1.7462,1.7391,1.7538,1.7381,1.7603,1.7668,1.8108,1.8354,1.8379,1.8756,1.8659,1.8871,1.8374,1.8054,1.8129,1.8299,1.845,1.7998,1.8308,1.8602,1.8559,1.8278,1.8399,1.8019,1.7831,1.7907,1.8024,1.8012,1.7728,1.7094,1.7561,1.7326,1.7278,1.7439,1.8063,1.8316,1.8574,1.8695,1.9164,1.8794,1.9171,1.9409,1.891,1.9063,1.9467,1.9536
159610.OF,景顺长城中证500增强策略ETF,0.8823,0.8779,0.8832,0.8848,0.8843,0.8973,0.8939,0.8976,0.9045,0.9044,0.9052,0.9029,0.9125,0.9139,0.9231,0.931,0.929,0.9412,0.9427,0.9495,0.954,0.9478,0.9331,0.931,0.9382,0.9469,0.9536,0.9519,0.9501,0.9587,0.9633,0.9789,0.9672,0.9892,1.0052,1.0033,1.0149,1.0133,1.031,1.0521,1.0525,1.0374,1.063,1.0674,1.0778,1.0553,1.0399,1.0101,1.0394,1.0487,1.0405,1.045,1.0753,1.0762,1.0725,1.0761,1.0844,1.0734,1.0735,1.0788,1.0742,1.0987,1.0987,1.0892,1.104,1.1128,1.1377,1.1163,1.1135,1.0874,1.1032,1.0949,1.0642,1.0709,1.0883,1.0793,1.0809,1.1017,1.1221,1.1176,1.1406,1.125,1.1116,1.1088,1.0927,1.0959,1.1154,1.1135,1.1146,1.1041,1.0977,1.1118,1.0981,1.0961,1.0822,1.0764,1.067,1.0259,1.0299,1.0439,1.0457,1.0442,1.0554,1.0665,1.0575,1.0529,1.0541,1.0643,1.0758,1.0696,1.0732,1.0619,1.0739,1.0638,1.0494,1.0717,1.0665,1.0735,1.0842,1.0878,1.1006,1.1061,1.1159,1.1087,1.1139,1.1104,1.1399,1.1619,1.1656,1.1616,1.1808,1.1974,1.186,1.194,1.201,1.2059,1.2155,1.2118,1.2305,1.2383,1.2609,1.2522,1.2577,1.2645,1.246,1.2226,1.1736,1.2109,1.2171,1.1974,1.1997,1.2226,1.224,1.2298,1.2412,1.2233,1.2331,1.2509,1.255,1.2655,1.2663,1.2171,1.2101,1.2211,1.2288,1.2175,1.2384,1.239,1.2332,1.22,1.2109,1.1898,1.1982,1.1652,1.1498,1.1031,1.129,1.1498,1.1335,1.1521,1.1572,1.1354,1.1578,1.1409,1.1308,1.1353,1.1871,1.1797,1.1943,1.1994,1.2139,1.2101,1.2318,1.2387,1.2454,1.2485,1.2667,1.2563,1.2596,1.2719,1.2606,1.282,1.2797,1.3136,1.3268,1.3259,1.3513,1.3461,1.3668,1.3308,1.3153,1.3129,1.318,1.3258,1.2922,1.3167,1.3324,1.3313,1.316,1.3234,1.2991,1.2861,1.2908,1.2955,1.2913,1.2702,1.2283,1.2598,1.2482,1.2442,1.2592,1.2988,1.3099,1.3303,1.3393,1.3751,1.352,1.3849,1.4061,1.3741,1.3843,1.4072,1.412
006682.OF,景顺长城中证500指数增强A,1.4168,1.4101,1.4173,1.4136,1.4119,1.4289,1.4253,1.4318,1.4416,1.4413,1.4424,1.4419,1.4549,1.4584,1.4726,1.4845,1.4818,1.4998,1.5006,1.5058,1.5132,1.5072,1.4868,1.4878,1.4986,1.5094,1.5229,1.5186,1.5156,1.5313,1.5366,1.5569,1.5376,1.5659,1.5841,1.5807,1.5985,1.5953,1.6212,1.648,1.6513,1.6295,1.6603,1.6687,1.679,1.6469,1.6276,1.589,1.638,1.6543,1.6417,1.6432,1.6855,1.6876,1.6855,1.6949,1.7104,1.6956,1.6948,1.7038,1.6896,1.723,1.7299,1.7103,1.7301,1.7467,1.7803,1.7498,1.7456,1.707,1.7322,1.7187,1.6712,1.6841,1.7144,1.7038,1.7089,1.7354,1.761,1.7544,1.7833,1.7637,1.7497,1.7506,1.7232,1.7274,1.7546,1.7512,1.7541,1.7429,1.7337,1.7594,1.7341,1.7313,1.7148,1.7094,1.6974,1.6413,1.6549,1.6742,1.6753,1.6755,1.6929,1.7067,1.6954,1.6879,1.6911,1.7121,1.7277,1.7161,1.7242,1.7086,1.7259,1.716,1.6919,1.7246,1.7178,1.7334,1.7514,1.7531,1.7717,1.7821,1.7919,1.7853,1.7919,1.7941,1.8294,1.8579,1.8672,1.8673,1.8982,1.9321,1.9102,1.9234,1.9302,1.9343,1.9479,1.9407,1.9637,1.9706,2.0068,1.9917,2.0016,2.0124,1.9967,1.9699,1.902,1.9496,1.9548,1.929,1.9308,1.9628,1.9659,1.9707,1.988,1.9646,1.9816,2.0074,2.0144,2.0304,2.0272,1.9542,1.9468,1.9587,1.9687,1.9517,1.9795,1.9786,1.9708,1.9458,1.9343,1.9012,1.9152,1.8694,1.8496,1.7832,1.8175,1.8505,1.8286,1.8501,1.8545,1.8282,1.8578,1.8313,1.8196,1.8278,1.9005,1.8941,1.9098,1.9101,1.9322,1.9238,1.9537,1.9617,1.9729,1.9728,1.9927,1.9798,1.9769,1.9877,1.9732,1.9973,1.997,2.0381,2.0597,2.0613,2.0942,2.0852,2.1096,2.0699,2.0404,2.0426,2.0581,2.0684,2.0214,2.0582,2.0825,2.0774,2.0558,2.0677,2.0268,2.0067,2.017,2.0246,2.0231,2.0021,1.9461,1.9907,1.9702,1.9655,1.9809,2.0397,2.0594,2.0869,2.099,2.1427,2.1039,2.1367,2.1626,2.1168,2.1339,2.1748,2.1783
016935.OF,景顺长城中证500指数增强C,1.4026,1.396,1.4031,1.3995,1.3977,1.4146,1.4109,1.4174,1.427,1.4267,1.4277,1.4273,1.4401,1.4436,1.4576,1.4694,1.4666,1.4844,1.4852,1.4903,1.4976,1.4917,1.4715,1.4724,1.483,1.4937,1.5071,1.5028,1.4999,1.5154,1.5205,1.5406,1.5215,1.5495,1.5674,1.564,1.5817,1.5784,1.6041,1.6305,1.6338,1.6123,1.6427,1.651,1.6612,1.6294,1.6103,1.5721,1.6206,1.6366,1.6241,1.6255,1.6674,1.6694,1.6674,1.6766,1.692,1.6773,1.6765,1.6853,1.6713,1.7043,1.7111,1.6917,1.7113,1.7276,1.7607,1.7305,1.7263,1.6881,1.713,1.6996,1.6526,1.6654,1.6953,1.6848,1.6898,1.716,1.7413,1.7348,1.7633,1.7439,1.73,1.7309,1.7037,1.7079,1.7348,1.7314,1.7342,1.7231,1.714,1.7394,1.7143,1.7115,1.6952,1.6898,1.6779,1.6225,1.6358,1.6549,1.6559,1.6562,1.6734,1.6869,1.6757,1.6683,1.6714,1.6922,1.7076,1.6961,1.704,1.6887,1.7057,1.6958,1.672,1.7044,1.6976,1.713,1.7307,1.7324,1.7508,1.761,1.7706,1.7641,1.7706,1.7727,1.8075,1.8357,1.8449,1.8449,1.8754,1.9089,1.8873,1.9003,1.9069,1.911,1.9244,1.9173,1.9399,1.9467,1.9825,1.9675,1.9773,1.9879,1.9723,1.9459,1.8787,1.9257,1.9309,1.9054,1.9072,1.9387,1.9417,1.9464,1.9635,1.9404,1.957,1.9824,1.9893,2.0051,2.0018,1.9298,1.9225,1.9342,1.9441,1.9272,1.9546,1.9538,1.946,1.9213,1.9099,1.8773,1.891,1.8458,1.8262,1.7606,1.7945,1.827,1.8053,1.8266,1.8309,1.8049,1.8341,1.8079,1.7963,1.8043,1.8762,1.8697,1.8853,1.8855,1.9073,1.899,1.9284,1.9363,1.9473,1.9473,1.9669,1.9541,1.9513,1.9618,1.9475,1.9713,1.971,2.0113,2.0327,2.0342,2.0666,2.0577,2.0818,2.0426,2.0135,2.0156,2.0309,2.0411,1.9946,2.0309,2.0548,2.0498,2.0285,2.0401,1.9998,1.98,1.9901,1.9975,1.9961,1.9753,1.9201,1.964,1.9437,1.9391,1.9543,2.0122,2.0316,2.0587,2.0706,2.1137,2.0754,2.1077,2.1332,2.088,2.1049,2.1451,2.1486
012080.OF,易方达中证500量化增强A,0.9647,0.9596,0.9649,0.9626,0.9609,0.974,0.9709,0.9742,0.9801,0.9815,0.9818,0.9823,0.9924,0.9942,1.0039,1.0129,1.0111,1.0235,1.0238,1.0277,1.0328,1.028,1.015,1.0155,1.0237,1.0307,1.0393,1.0357,1.0341,1.0454,1.0495,1.0642,1.0512,1.0709,1.0845,1.0821,1.0938,1.0916,1.1052,1.121,1.1224,1.1109,1.1274,1.1333,1.1433,1.1217,1.1086,1.0834,1.1167,1.1286,1.1193,1.1196,1.1476,1.1501,1.147,1.1532,1.1635,1.1542,1.1541,1.1577,1.1521,1.1767,1.1802,1.1693,1.1836,1.194,1.2137,1.195,1.1883,1.1641,1.181,1.171,1.1409,1.1493,1.1686,1.1608,1.1641,1.1815,1.2003,1.1973,1.2171,1.2021,1.1946,1.1939,1.1755,1.1807,1.1983,1.1966,1.1982,1.1919,1.1866,1.2022,1.1863,1.1828,1.1706,1.166,1.1566,1.12,1.1285,1.1419,1.1427,1.1428,1.1544,1.1645,1.1569,1.1537,1.1561,1.1711,1.1801,1.173,1.1782,1.1682,1.1796,1.1719,1.1575,1.1809,1.176,1.1859,1.1979,1.2006,1.2131,1.2196,1.226,1.2191,1.2224,1.2192,1.2462,1.2679,1.2733,1.2727,1.2932,1.3133,1.2969,1.305,1.3113,1.3166,1.3268,1.3214,1.341,1.3491,1.3709,1.3598,1.3655,1.3719,1.3578,1.3392,1.2889,1.3232,1.3272,1.3087,1.3104,1.3308,1.3329,1.3384,1.3508,1.3344,1.3495,1.3696,1.3738,1.3839,1.3823,1.3315,1.3261,1.3329,1.341,1.3282,1.3497,1.3531,1.3492,1.3357,1.3299,1.3066,1.317,1.2839,1.2712,1.2213,1.2476,1.2728,1.2571,1.2732,1.2768,1.2553,1.2774,1.2579,1.2474,1.2526,1.3078,1.3031,1.3166,1.3169,1.3345,1.3294,1.3532,1.3583,1.3677,1.371,1.3856,1.3742,1.3715,1.3813,1.3687,1.3925,1.3929,1.4253,1.4378,1.4335,1.458,1.4501,1.4672,1.4345,1.4149,1.4142,1.4251,1.4328,1.397,1.4213,1.4364,1.4322,1.416,1.4221,1.3958,1.3838,1.3905,1.3955,1.3929,1.3747,1.3322,1.3647,1.3529,1.35,1.365,1.4095,1.4238,1.4412,1.4468,1.4763,1.4514,1.4724,1.4837,1.4424,1.4555,1.4855,1.4891
012081.OF,易方达中证500量化增强C,0.9531,0.948,0.9532,0.9509,0.9492,0.9623,0.9591,0.9624,0.9682,0.9695,0.9699,0.9703,0.9803,0.9821,0.9917,1.0005,0.9987,1.011,1.0113,1.0151,1.0201,1.0154,1.0025,1.003,1.0111,1.018,1.0264,1.0229,1.0213,1.0325,1.0365,1.051,1.0381,1.0576,1.071,1.0687,1.0802,1.078,1.0914,1.107,1.1084,1.097,1.1133,1.1192,1.129,1.1076,1.0947,1.0698,1.1026,1.1144,1.1052,1.1055,1.1331,1.1356,1.1325,1.1386,1.1488,1.1396,1.1395,1.143,1.1375,1.1617,1.1652,1.1544,1.1685,1.1787,1.1981,1.1796,1.173,1.1491,1.1658,1.1559,1.1262,1.1344,1.1535,1.1458,1.149,1.1661,1.1847,1.1817,1.2013,1.1864,1.1791,1.1783,1.1602,1.1653,1.1827,1.181,1.1825,1.1763,1.171,1.1864,1.1707,1.1673,1.1552,1.1507,1.1413,1.1052,1.1136,1.1269,1.1276,1.1276,1.1391,1.149,1.1415,1.1383,1.1408,1.1556,1.1644,1.1574,1.1625,1.1526,1.1639,1.1563,1.142,1.1651,1.1603,1.17,1.1818,1.1845,1.1968,1.2032,1.2095,1.2027,1.2059,1.2027,1.2294,1.2507,1.2561,1.2555,1.2756,1.2955,1.2793,1.2873,1.2934,1.2986,1.3087,1.3033,1.3227,1.3306,1.3522,1.3412,1.3468,1.3531,1.3392,1.3208,1.2712,1.305,1.3089,1.2907,1.2923,1.3125,1.3144,1.3199,1.3321,1.3159,1.3307,1.3505,1.3546,1.3646,1.363,1.3128,1.3076,1.3142,1.3222,1.3095,1.3308,1.334,1.3302,1.3169,1.3111,1.2882,1.2984,1.2657,1.2532,1.204,1.2299,1.2547,1.2393,1.2551,1.2586,1.2374,1.2592,1.24,1.2296,1.2347,1.2891,1.2845,1.2977,1.298,1.3154,1.3103,1.3338,1.3388,1.348,1.3512,1.3657,1.3544,1.3518,1.3614,1.3489,1.3724,1.3728,1.4046,1.4169,1.4127,1.4368,1.429,1.4458,1.4136,1.3943,1.3935,1.4043,1.4119,1.3766,1.4005,1.4153,1.4111,1.3952,1.4012,1.3753,1.3634,1.37,1.3749,1.3723,1.3544,1.3125,1.3445,1.3329,1.33,1.3448,1.3885,1.4026,1.4197,1.4253,1.4543,1.4298,1.4504,1.4615,1.4209,1.4337,1.4633,1.4668
002316.OF,创金合信中证500指数增强C,1.4167,1.4097,1.4168,1.4136,1.4104,1.4246,1.4209,1.426,1.4353,1.4352,1.4339,1.438,1.4488,1.4525,1.4673,1.4785,1.4788,1.4949,1.4972,1.4976,1.5002,1.4947,1.4792,1.4809,1.4906,1.4995,1.51,1.5055,1.5006,1.5156,1.5184,1.5313,1.5172,1.5423,1.5605,1.5626,1.5807,1.5762,1.5977,1.6175,1.6251,1.6041,1.6239,1.6284,1.638,1.6104,1.5909,1.5623,1.5995,1.6097,1.6001,1.5996,1.6311,1.6357,1.6356,1.6433,1.6585,1.6459,1.6435,1.6535,1.6373,1.6644,1.6709,1.6529,1.6715,1.6848,1.7127,1.6929,1.6862,1.6594,1.6854,1.6743,1.6301,1.6408,1.6665,1.657,1.6625,1.6847,1.7045,1.6972,1.7223,1.6977,1.6916,1.6921,1.6675,1.6681,1.6858,1.6778,1.6834,1.675,1.6692,1.6849,1.6651,1.656,1.6477,1.6453,1.6362,1.5944,1.6062,1.624,1.6253,1.6225,1.6336,1.6479,1.6378,1.629,1.6313,1.6509,1.6618,1.6524,1.6593,1.6458,1.6615,1.6509,1.6311,1.6567,1.6552,1.6726,1.6896,1.6905,1.7036,1.7106,1.7148,1.7097,1.7133,1.7173,1.7487,1.775,1.7814,1.782,1.8101,1.842,1.8182,1.8337,1.841,1.8496,1.858,1.8492,1.865,1.8682,1.8971,1.8873,1.8918,1.8999,1.8823,1.8632,1.8056,1.8513,1.8575,1.8355,1.8402,1.8731,1.8831,1.8847,1.9022,1.8837,1.9023,1.9251,1.9318,1.9493,1.9518,1.8834,1.8706,1.8784,1.8869,1.8669,1.8976,1.9001,1.8868,1.8703,1.8531,1.8289,1.8416,1.8,1.7779,1.7127,1.7413,1.7707,1.7461,1.7665,1.7717,1.7515,1.7876,1.7614,1.7471,1.7541,1.8286,1.8267,1.8431,1.839,1.8616,1.8558,1.8872,1.8842,1.8991,1.8997,1.9125,1.8959,1.8861,1.898,1.8803,1.9042,1.8994,1.9336,1.9542,1.9514,1.983,1.9806,2.0061,1.9612,1.9341,1.9371,1.959,1.9695,1.9297,1.9594,1.9798,1.9779,1.9561,1.9523,1.9191,1.9009,1.9062,1.9101,1.904,1.8861,1.8306,1.8765,1.8651,1.864,1.8828,1.9372,1.9425,1.96,1.9683,2.0022,1.9675,2.0007,2.0112,1.9642,1.9971,2.0432,2.0483
006048.OF,长城中证500指数增强A,1.7054,1.6948,1.7051,1.7002,1.6971,1.7226,1.7164,1.7243,1.7361,1.7403,1.7411,1.7429,1.7605,1.7633,1.7798,1.7928,1.7897,1.8157,1.818,1.8247,1.8335,1.8191,1.794,1.7987,1.8162,1.831,1.8503,1.8435,1.8367,1.8665,1.8737,1.8999,1.8731,1.9139,1.9429,1.9358,1.9573,1.9491,1.9785,2.0204,2.0198,1.9864,2.0209,2.039,2.0562,2.0198,1.9937,1.9574,2.028,2.0524,2.0376,2.0426,2.0953,2.0961,2.0864,2.1049,2.1269,2.0964,2.0937,2.104,2.0846,2.1264,2.1317,2.1096,2.137,2.1598,2.1977,2.1596,2.1456,2.098,2.1309,2.1047,2.0467,2.0634,2.1006,2.0852,2.0877,2.1224,2.1517,2.1557,2.1975,2.1636,2.1515,2.1532,2.1153,2.1186,2.15,2.1431,2.1507,2.1408,2.135,2.169,2.1412,2.1403,2.1221,2.1095,2.0986,2.028,2.0497,2.0755,2.0802,2.0828,2.1056,2.1265,2.1099,2.0993,2.1077,2.1383,2.1626,2.151,2.1625,2.1367,2.1633,2.1494,2.1184,2.1668,2.1583,2.1777,2.2008,2.2035,2.2282,2.2447,2.2557,2.2472,2.2585,2.2639,2.3228,2.3648,2.3772,2.3765,2.4177,2.4585,2.4211,2.4464,2.4603,2.4779,2.4891,2.4686,2.5059,2.5195,2.567,2.544,2.5558,2.5675,2.5361,2.5005,2.4084,2.4803,2.4861,2.4512,2.4557,2.5042,2.5057,2.5122,2.5365,2.5037,2.5177,2.5629,2.5774,2.6027,2.5904,2.4758,2.4656,2.4919,2.511,2.4924,2.5341,2.541,2.5267,2.4976,2.4914,2.4418,2.4648,2.3987,2.3765,2.2777,2.3274,2.3739,2.3433,2.3829,2.3927,2.3578,2.3963,2.3544,2.3202,2.3282,2.4474,2.4261,2.4485,2.4439,2.4893,2.4742,2.5134,2.5291,2.5511,2.5499,2.5787,2.5499,2.5343,2.5577,2.5187,2.5661,2.5675,2.6358,2.67,2.6664,2.7016,2.6819,2.7303,2.665,2.6237,2.6343,2.6527,2.6536,2.5791,2.6337,2.6549,2.6457,2.6126,2.6262,2.5671,2.5495,2.548,2.5525,2.5259,2.4879,2.3975,2.46,2.4295,2.4222,2.4678,2.5551,2.5856,2.6094,2.6188,2.669,2.5993,2.6353,2.6388,2.5563,2.5653,2.643,2.6398
007413.OF,长城中证500指数增强C,1.6305,1.6218,1.6302,1.6262,1.6237,1.6444,1.6394,1.6458,1.6554,1.6587,1.6594,1.6609,1.6752,1.6775,1.6909,1.7015,1.699,1.7201,1.7219,1.7274,1.7346,1.7228,1.7024,1.7062,1.7204,1.7324,1.7482,1.7426,1.7371,1.7613,1.7671,1.7885,1.7666,1.7998,1.8235,1.8176,1.8352,1.8285,1.8524,1.8865,1.886,1.8588,1.8869,1.9016,1.9156,1.8859,1.8646,1.8351,1.8926,1.9124,1.9003,1.9044,1.9474,1.9479,1.94,1.9551,1.973,1.9481,1.9459,1.9543,1.9384,1.9725,1.9768,1.9588,1.981,1.9996,2.0304,1.9993,1.9879,1.9491,1.9758,1.9545,1.9072,1.9208,1.9511,1.9385,1.9406,1.9688,1.9926,1.9958,2.0299,2.0023,1.9924,1.9937,1.9628,1.9656,1.9911,1.9855,1.9916,1.9835,1.9788,2.0065,1.9838,1.983,1.9682,1.9579,1.949,1.8915,1.9092,1.9302,1.9339,1.936,1.9546,1.9716,1.958,1.9494,1.9563,1.9811,2.0009,1.9914,2.0008,1.9798,2.0014,1.99,1.9647,2.0042,1.9972,2.013,2.0317,2.0339,2.054,2.0675,2.0764,2.0694,2.0787,2.083,2.1309,2.1651,2.1752,2.1746,2.2081,2.2413,2.2108,2.2314,2.2427,2.257,2.2661,2.2494,2.2797,2.2908,2.3294,2.3107,2.3203,2.3297,2.3041,2.2752,2.2002,2.2587,2.2634,2.235,2.2386,2.2781,2.2792,2.2845,2.3043,2.2776,2.2888,2.3255,2.3373,2.3579,2.3478,2.2546,2.2462,2.2676,2.2831,2.268,2.3019,2.3075,2.2959,2.2721,2.267,2.2267,2.2454,2.1916,2.1735,2.0931,2.1334,2.1713,2.1464,2.1786,2.1865,2.1581,2.1894,2.1553,2.1275,2.1339,2.2308,2.2135,2.2317,2.228,2.2649,2.2526,2.2844,2.2971,2.315,2.314,2.3374,2.314,2.3012,2.3202,2.2885,2.327,2.3281,2.3836,2.4114,2.4084,2.4371,2.421,2.4603,2.4072,2.3736,2.3822,2.3971,2.3979,2.3373,2.3816,2.3988,2.3913,2.3644,2.3754,2.3273,2.313,2.3117,2.3154,2.2937,2.2628,2.1892,2.24,2.2153,2.2093,2.2463,2.3173,2.3421,2.3614,2.369,2.4097,2.3531,2.3823,2.3852,2.3181,2.3253,2.3885,2.3859
003016.OF,中金中证500指数增强A,1.8076,1.8002,1.8089,1.8082,1.807,1.8284,1.8242,1.8329,1.8425,1.8435,1.8459,1.8459,1.8618,1.8655,1.8883,1.9099,1.9106,1.9311,1.9298,1.9348,1.9437,1.9366,1.9086,1.9089,1.92,1.937,1.9511,1.943,1.9431,1.9647,1.9718,1.9992,1.9762,2.0168,2.0445,2.039,2.0611,2.0564,2.0858,2.1209,2.1288,2.1022,2.1403,2.1531,2.171,2.1304,2.1066,2.0581,2.1213,2.1405,2.1262,2.1251,2.1789,2.1823,2.1788,2.1921,2.2136,2.1974,2.1946,2.2004,2.1854,2.2255,2.2313,2.209,2.2349,2.2524,2.2946,2.2607,2.2525,2.2081,2.2359,2.217,2.1569,2.173,2.2101,2.1959,2.2019,2.2332,2.2674,2.2625,2.3029,2.2746,2.2533,2.2505,2.217,2.2246,2.2576,2.2494,2.2471,2.2314,2.2218,2.2504,2.219,2.2098,2.1883,2.1789,2.1627,2.0963,2.1125,2.1393,2.1412,2.1405,2.1601,2.1809,2.1668,2.1586,2.1624,2.1903,2.2063,2.195,2.2031,2.185,2.2077,2.1959,2.1702,2.2147,2.2043,2.2249,2.2467,2.2519,2.2751,2.2868,2.2999,2.2874,2.2922,2.2877,2.3406,2.3778,2.3823,2.376,2.416,2.4497,2.42,2.4323,2.453,2.4644,2.4872,2.482,2.5182,2.5358,2.5774,2.5583,2.5654,2.5852,2.5606,2.5219,2.423,2.4816,2.4877,2.4485,2.4571,2.4985,2.5031,2.5155,2.5369,2.5001,2.5279,2.5683,2.5719,2.5924,2.5925,2.4938,2.4787,2.4921,2.5079,2.4841,2.5257,2.5305,2.5216,2.4896,2.4663,2.4246,2.4434,2.3772,2.3511,2.2529,2.3057,2.3524,2.3203,2.3457,2.3471,2.3084,2.3567,2.3185,2.3019,2.3089,2.4143,2.4028,2.4293,2.4265,2.4549,2.4438,2.4874,2.4982,2.515,2.5212,2.5512,2.5316,2.5191,2.5302,2.5084,2.5512,2.5423,2.6081,2.6297,2.6254,2.666,2.6533,2.6899,2.6255,2.5796,2.5763,2.5888,2.6017,2.5373,2.5864,2.6103,2.607,2.5779,2.5863,2.5453,2.5217,2.534,2.5455,2.5418,2.5036,2.4229,2.4806,2.4629,2.456,2.4937,2.5825,2.6051,2.6445,2.657,2.7255,2.6749,2.7281,2.7627,2.6928,2.7138,2.7702,2.7726
014344.OF,鹏华中证500指数增强A,1.1365,1.1322,1.1378,1.1358,1.1337,1.1488,1.1454,1.1486,1.1551,1.1573,1.1582,1.1617,1.1689,1.1702,1.1832,1.1963,1.1969,1.2095,1.2125,1.2149,1.2203,1.2164,1.2002,1.2011,1.2106,1.2212,1.2293,1.2264,1.2239,1.2355,1.2406,1.256,1.2434,1.2651,1.2801,1.2778,1.2968,1.2961,1.3148,1.3327,1.3395,1.3299,1.3485,1.3608,1.37,1.3454,1.3341,1.3034,1.345,1.3607,1.3516,1.3512,1.3849,1.3849,1.3815,1.3889,1.4029,1.3892,1.3917,1.4013,1.3919,1.4216,1.4298,1.4145,1.4295,1.448,1.4728,1.4484,1.4394,1.4114,1.4335,1.4181,1.3795,1.3931,1.4187,1.4074,1.4117,1.437,1.4569,1.4528,1.475,1.4557,1.4469,1.4449,1.4195,1.4233,1.4464,1.4382,1.4363,1.4242,1.42,1.4379,1.4161,1.4091,1.3972,1.3913,1.383,1.3419,1.353,1.3703,1.3727,1.373,1.3864,1.3999,1.3915,1.3868,1.3904,1.4059,1.4147,1.4065,1.4112,1.3962,1.4127,1.4042,1.3893,1.4146,1.4071,1.4194,1.432,1.4386,1.4544,1.4632,1.4719,1.4634,1.4698,1.4647,1.4968,1.5209,1.5237,1.5187,1.5429,1.5674,1.5477,1.556,1.5668,1.5741,1.5893,1.583,1.6073,1.6165,1.6411,1.6241,1.6297,1.6349,1.6205,1.6011,1.533,1.5745,1.5784,1.557,1.5613,1.5875,1.5923,1.5985,1.6153,1.5942,1.6125,1.6345,1.6365,1.6458,1.6395,1.5821,1.5687,1.5811,1.5876,1.5697,1.596,1.6012,1.5949,1.5818,1.5726,1.5466,1.5555,1.5127,1.5002,1.4373,1.4676,1.4961,1.4763,1.4966,1.4965,1.4756,1.5066,1.482,1.4682,1.4732,1.5448,1.5363,1.5574,1.5531,1.5719,1.5643,1.5898,1.592,1.6032,1.6059,1.6188,1.6054,1.6027,1.6161,1.6036,1.6317,1.6251,1.66,1.6685,1.6634,1.6871,1.6792,1.6989,1.6705,1.6438,1.6428,1.6571,1.6656,1.6265,1.6558,1.6688,1.6722,1.6581,1.664,1.6347,1.6232,1.6262,1.6279,1.6227,1.6016,1.5489,1.5867,1.5721,1.5666,1.5876,1.6405,1.654,1.6739,1.6756,1.7126,1.6785,1.7054,1.7257,1.6752,1.6878,1.7265,1.7322
014155.OF,国泰海通中证500A,1.0642,1.0581,1.0665,1.0641,1.0628,1.077,1.0719,1.0782,1.0873,1.0887,1.0869,1.0877,1.0991,1.0995,1.1152,1.1246,1.1214,1.135,1.1352,1.1413,1.1482,1.1448,1.1293,1.1286,1.1354,1.1429,1.1533,1.1512,1.1499,1.1608,1.1638,1.1789,1.1623,1.1819,1.1958,1.1935,1.2079,1.2071,1.2253,1.2452,1.2468,1.2298,1.2506,1.2537,1.2632,1.2355,1.2158,1.1902,1.2213,1.228,1.2172,1.2195,1.2513,1.2556,1.254,1.263,1.2719,1.2631,1.2598,1.2662,1.2534,1.2763,1.2775,1.2608,1.2748,1.2864,1.3086,1.2895,1.2883,1.2614,1.2806,1.2703,1.2375,1.2475,1.2709,1.2609,1.2619,1.2802,1.3012,1.2946,1.3143,1.2961,1.2902,1.295,1.2738,1.278,1.2974,1.2933,1.2971,1.2902,1.284,1.3036,1.2856,1.2849,1.2701,1.2641,1.2563,1.2106,1.2203,1.2379,1.2392,1.2391,1.2529,1.2656,1.2575,1.2504,1.2515,1.2656,1.2763,1.2683,1.2715,1.2563,1.2669,1.2589,1.2394,1.2614,1.2578,1.2688,1.2814,1.2828,1.2964,1.3036,1.3093,1.304,1.3051,1.3021,1.3361,1.3584,1.3683,1.3722,1.3973,1.4279,1.4063,1.418,1.4218,1.4283,1.4396,1.4299,1.4489,1.4601,1.4851,1.4705,1.478,1.4846,1.472,1.4549,1.3987,1.4407,1.4385,1.4136,1.4177,1.4479,1.452,1.4543,1.4703,1.4533,1.4647,1.4914,1.5032,1.5183,1.5136,1.4483,1.443,1.4549,1.4659,1.4553,1.4822,1.4882,1.4806,1.4594,1.4526,1.4192,1.438,1.4016,1.3816,1.3233,1.3584,1.3854,1.3688,1.3903,1.4001,1.3749,1.4045,1.3846,1.3713,1.3796,1.4406,1.434,1.4455,1.4499,1.4672,1.4575,1.4864,1.4893,1.4984,1.4972,1.5126,1.4989,1.4922,1.5019,1.4876,1.5099,1.5119,1.5468,1.5673,1.5643,1.5924,1.5816,1.5997,1.5587,1.5305,1.5281,1.5367,1.5436,1.496,1.5281,1.5503,1.5462,1.522,1.5332,1.5008,1.4826,1.4856,1.4968,1.4934,1.4739,1.4235,1.4614,1.444,1.4399,1.4514,1.5028,1.5236,1.5455,1.557,1.5834,1.5624,1.5918,1.612,1.5717,1.5825,1.6204,1.6229
003578.OF,中金中证500指数增强C,1.7712,1.7638,1.7724,1.7717,1.7705,1.7914,1.7873,1.7958,1.8052,1.8061,1.8084,1.8083,1.824,1.8276,1.8498,1.8709,1.8716,1.8917,1.8904,1.8952,1.9039,1.8969,1.8695,1.8698,1.8806,1.8972,1.911,1.903,1.9032,1.9242,1.9311,1.958,1.9354,1.9752,2.0022,1.9968,2.0184,2.0138,2.0426,2.0769,2.0846,2.0586,2.0958,2.1083,2.1258,2.086,2.0627,2.0152,2.077,2.0958,2.0818,2.0806,2.1333,2.1366,2.1331,2.1461,2.1672,2.1512,2.1485,2.1541,2.1394,2.1786,2.1843,2.1624,2.1877,2.2048,2.2459,2.2127,2.2045,2.1611,2.1883,2.1698,2.1109,2.1266,2.1629,2.149,2.1548,2.1854,2.2189,2.214,2.2535,2.2258,2.205,2.2021,2.1693,2.1767,2.209,2.2009,2.1986,2.1832,2.1738,2.2017,2.1711,2.1619,2.1409,2.1316,2.1158,2.0508,2.0666,2.0928,2.0946,2.0939,2.1131,2.1334,2.1196,2.1115,2.1152,2.1424,2.158,2.1469,2.1549,2.1371,2.1593,2.1477,2.1225,2.166,2.1559,2.176,2.1972,2.2023,2.225,2.2364,2.2491,2.2368,2.2415,2.2371,2.2886,2.3251,2.3294,2.3232,2.3623,2.3952,2.3661,2.3781,2.3983,2.4094,2.4317,2.4266,2.4619,2.4791,2.5197,2.501,2.5079,2.5272,2.5032,2.4653,2.3686,2.4258,2.4317,2.3934,2.4018,2.4421,2.4466,2.4587,2.4796,2.4437,2.4705,2.51,2.5135,2.5335,2.5335,2.437,2.4222,2.4353,2.4507,2.4274,2.468,2.4726,2.4639,2.4327,2.4098,2.369,2.3873,2.3226,2.2971,2.2011,2.2527,2.2982,2.2668,2.2917,2.293,2.2551,2.3022,2.2649,2.2487,2.2555,2.3584,2.3471,2.373,2.3701,2.3978,2.387,2.4296,2.4401,2.4565,2.4625,2.4918,2.4726,2.4603,2.4711,2.4497,2.4916,2.4828,2.5469,2.568,2.5638,2.6033,2.5909,2.6266,2.5637,2.5189,2.5156,2.5277,2.5403,2.4773,2.5253,2.5485,2.5453,2.5169,2.525,2.485,2.4619,2.4738,2.485,2.4814,2.4441,2.3652,2.4215,2.4042,2.3974,2.4342,2.5208,2.5429,2.5812,2.5935,2.6602,2.6108,2.6627,2.6964,2.6281,2.6486,2.7036,2.7059
003986.OF,申万菱信中证500优选增强A,1.9109,1.8985,1.9085,1.9146,1.9115,1.9326,1.9271,1.9322,1.9453,1.9473,1.9492,1.9446,1.9622,1.9619,1.9785,1.9935,1.9847,2.001,2.0024,2.0064,2.0122,2.0061,1.9782,1.9761,1.9906,2.0045,2.0202,2.0077,2.005,2.0177,2.0277,2.0562,2.0332,2.0715,2.091,2.0867,2.1063,2.108,2.1404,2.1722,2.1773,2.1619,2.2016,2.2084,2.2309,2.1892,2.1653,2.1117,2.1674,2.1808,2.168,2.1671,2.2258,2.2164,2.2047,2.2149,2.239,2.2167,2.217,2.2265,2.2299,2.2857,2.2928,2.2715,2.3011,2.322,2.347,2.3143,2.2962,2.2485,2.2757,2.2577,2.2031,2.2112,2.2477,2.2317,2.2382,2.2765,2.313,2.3029,2.3493,2.3069,2.2793,2.2684,2.2379,2.251,2.2876,2.2738,2.2744,2.2588,2.2497,2.2756,2.2465,2.231,2.2139,2.2148,2.1962,2.1339,2.1449,2.1662,2.1697,2.1698,2.1867,2.2097,2.1913,2.188,2.1986,2.2176,2.231,2.2233,2.2319,2.2163,2.2463,2.2275,2.1991,2.2387,2.2252,2.2462,2.2662,2.2735,2.2912,2.3074,2.3213,2.3101,2.318,2.3128,2.3608,2.405,2.4272,2.4138,2.4502,2.4828,2.4476,2.4576,2.4766,2.4877,2.5045,2.4915,2.5229,2.5347,2.5801,2.5524,2.5683,2.585,2.5624,2.5245,2.4262,2.4877,2.4908,2.4568,2.4542,2.4875,2.4956,2.5171,2.5393,2.5022,2.5226,2.5545,2.57,2.5745,2.5739,2.4777,2.468,2.4764,2.4945,2.4681,2.5138,2.5241,2.5236,2.4933,2.4812,2.4459,2.4603,2.3985,2.3896,2.3072,2.3571,2.3988,2.3756,2.4073,2.4154,2.3718,2.4188,2.3882,2.3759,2.3767,2.4828,2.4738,2.5072,2.5012,2.5251,2.5121,2.5574,2.5641,2.5677,2.5827,2.6043,2.5856,2.5838,2.5999,2.5782,2.6119,2.6066,2.6646,2.6761,2.6594,2.7102,2.7058,2.7305,2.6775,2.6518,2.6557,2.6793,2.7055,2.6485,2.688,2.7049,2.7056,2.6676,2.6679,2.622,2.6022,2.6124,2.6072,2.5953,2.5689,2.4951,2.5509,2.5384,2.5333,2.5698,2.6451,2.6481,2.6859,2.6873,2.7316,2.6966,2.7285,2.7459,2.6798,2.7365,2.8026,2.8184
014156.OF,国泰海通中证500C,1.0492,1.0431,1.0515,1.0491,1.0478,1.0617,1.0567,1.0629,1.0719,1.0732,1.0714,1.0722,1.0834,1.0838,1.0992,1.1084,1.1053,1.1187,1.1189,1.1249,1.1316,1.1283,1.113,1.1123,1.1189,1.1263,1.1366,1.1345,1.1332,1.1439,1.1469,1.1617,1.1453,1.1647,1.1783,1.176,1.1902,1.1895,1.2073,1.2269,1.2284,1.2117,1.2322,1.2353,1.2445,1.2172,1.1978,1.1726,1.2032,1.2098,1.1992,1.2014,1.2327,1.2369,1.2353,1.2442,1.2529,1.2442,1.241,1.2472,1.2346,1.2571,1.2583,1.2418,1.2556,1.267,1.2887,1.2699,1.2687,1.2422,1.2611,1.2509,1.2186,1.2284,1.2514,1.2416,1.2426,1.2606,1.2812,1.2747,1.2941,1.2762,1.2703,1.275,1.2541,1.2582,1.2774,1.2732,1.2769,1.2702,1.2641,1.2833,1.2656,1.2649,1.2503,1.2443,1.2367,1.1917,1.2012,1.2185,1.2198,1.2196,1.2332,1.2457,1.2377,1.2307,1.2318,1.2456,1.2561,1.2482,1.2513,1.2364,1.2468,1.2389,1.2196,1.2414,1.2378,1.2486,1.261,1.2623,1.2757,1.2827,1.2883,1.2831,1.2842,1.2812,1.3146,1.3365,1.3462,1.35,1.3748,1.4048,1.3836,1.3951,1.3987,1.4051,1.4162,1.4066,1.4254,1.4364,1.4609,1.4465,1.4539,1.4603,1.448,1.4311,1.3757,1.4171,1.4149,1.3904,1.3944,1.4241,1.428,1.4303,1.4461,1.4293,1.4403,1.4665,1.4782,1.493,1.4883,1.4241,1.4189,1.4305,1.4414,1.4309,1.4574,1.4632,1.4558,1.4348,1.4282,1.3952,1.4138,1.378,1.3583,1.3009,1.3354,1.3619,1.3456,1.3667,1.3763,1.3515,1.3806,1.361,1.348,1.356,1.416,1.4095,1.4207,1.425,1.442,1.4325,1.4609,1.4637,1.4726,1.4714,1.4866,1.473,1.4664,1.476,1.4619,1.4837,1.4857,1.5199,1.54,1.5371,1.5646,1.554,1.5717,1.5315,1.5038,1.5014,1.5098,1.5166,1.4698,1.5012,1.523,1.5189,1.4952,1.5062,1.4743,1.4564,1.4593,1.4704,1.467,1.4478,1.3982,1.4354,1.4184,1.4143,1.4256,1.476,1.4965,1.5179,1.5292,1.5551,1.5345,1.5633,1.5831,1.5435,1.554,1.5912,1.5937
006593.OF,博道中证500指数增强A,2.1496,2.1448,2.1559,2.1515,2.1527,2.1767,2.1711,2.1802,2.1951,2.1975,2.1975,2.2,2.2146,2.2177,2.2329,2.2499,2.2424,2.2666,2.2683,2.2814,2.292,2.2821,2.2524,2.2567,2.2704,2.2878,2.3024,2.2933,2.2896,2.3137,2.3164,2.3371,2.3099,2.3482,2.3721,2.3675,2.3875,2.3819,2.4112,2.4433,2.4524,2.4265,2.4609,2.4712,2.4809,2.4349,2.4151,2.3628,2.4302,2.4545,2.4347,2.4429,2.5013,2.5019,2.4949,2.5096,2.5334,2.5167,2.5111,2.5223,2.5066,2.5493,2.5562,2.5258,2.5547,2.5753,2.6091,2.5803,2.5684,2.5229,2.5551,2.5385,2.4813,2.5012,2.5409,2.5264,2.5283,2.5561,2.5861,2.5792,2.604,2.5691,2.5601,2.5616,2.5262,2.5335,2.5618,2.5513,2.5522,2.5357,2.5275,2.5556,2.5276,2.5195,2.4959,2.4817,2.4704,2.4031,2.4195,2.4524,2.4557,2.4561,2.4757,2.4988,2.4788,2.4661,2.4688,2.4966,2.5247,2.5125,2.5199,2.4937,2.5169,2.4971,2.4697,2.5143,2.5017,2.5195,2.5468,2.5509,2.5821,2.597,2.6122,2.5944,2.6018,2.5982,2.6574,2.6988,2.7162,2.7155,2.7642,2.8116,2.7758,2.7966,2.8107,2.8261,2.8401,2.8229,2.8619,2.8718,2.9283,2.9197,2.9299,2.9368,2.9107,2.8728,2.7775,2.84,2.8494,2.8062,2.8069,2.8465,2.8509,2.8634,2.8881,2.8523,2.8648,2.9027,2.9087,2.9321,2.9184,2.8144,2.7965,2.8099,2.8254,2.8054,2.8523,2.8543,2.8402,2.8125,2.7898,2.7401,2.7666,2.7013,2.6662,2.5678,2.6176,2.6678,2.6337,2.66,2.668,2.6315,2.6751,2.6288,2.6038,2.6145,2.7302,2.7203,2.7408,2.7323,2.7727,2.7611,2.807,2.8157,2.8349,2.8375,2.8676,2.843,2.8339,2.8541,2.8307,2.8676,2.8604,2.9293,2.9685,2.9723,3.0257,3.0099,3.0504,2.9813,2.9368,2.9448,2.9576,2.9711,2.9011,2.9618,2.995,2.9827,2.94,2.9528,2.9009,2.8686,2.8819,2.9079,2.9144,2.8842,2.796,2.8628,2.8332,2.8299,2.8497,2.941,2.9747,3.0101,3.0211,3.0826,3.0339,3.0817,3.1074,3.0288,3.0485,3.109,3.1151
006594.OF,博道中证500指数增强C,2.1107,2.1061,2.1168,2.1125,2.1137,2.1372,2.1317,2.1406,2.1552,2.1574,2.1575,2.1598,2.1742,2.1772,2.1921,2.2087,2.2012,2.2249,2.2266,2.2394,2.2497,2.24,2.2109,2.2152,2.2285,2.2455,2.2598,2.2509,2.2472,2.2708,2.2734,2.2936,2.267,2.3045,2.3278,2.3234,2.3428,2.3373,2.3661,2.3974,2.4062,2.3809,2.4145,2.4247,2.4341,2.389,2.3696,2.3184,2.3843,2.408,2.3886,2.3967,2.4539,2.4544,2.4475,2.4619,2.4852,2.4688,2.4634,2.4743,2.4589,2.5006,2.5074,2.4775,2.5059,2.526,2.5589,2.5307,2.519,2.4744,2.5059,2.4896,2.4337,2.4531,2.4919,2.4777,2.4796,2.5067,2.5361,2.5293,2.5535,2.5194,2.5105,2.5119,2.4773,2.4844,2.512,2.5018,2.5027,2.4865,2.4784,2.5059,2.4785,2.4705,2.4474,2.4335,2.4224,2.3565,2.3726,2.4048,2.4079,2.4083,2.4275,2.45,2.4304,2.4179,2.4207,2.4478,2.4752,2.4633,2.4705,2.4449,2.4675,2.4481,2.4213,2.4649,2.4525,2.4699,2.4966,2.5005,2.531,2.5456,2.5604,2.543,2.5502,2.5467,2.6044,2.6449,2.6619,2.6612,2.7088,2.7551,2.7201,2.7404,2.7541,2.7692,2.7828,2.7659,2.804,2.8137,2.8689,2.8604,2.8704,2.8772,2.8516,2.8145,2.7213,2.7824,2.7915,2.7493,2.7499,2.7886,2.7929,2.8051,2.8293,2.7942,2.8062,2.8432,2.849,2.8719,2.8585,2.7569,2.7393,2.7524,2.7675,2.7479,2.7937,2.7957,2.7818,2.7547,2.7326,2.6839,2.7098,2.646,2.6117,2.5154,2.5641,2.6131,2.5798,2.6055,2.6132,2.5776,2.6201,2.5749,2.5505,2.5608,2.6738,2.6641,2.6841,2.6757,2.7152,2.7039,2.7487,2.7572,2.7758,2.7784,2.8078,2.7837,2.7748,2.7944,2.7716,2.8076,2.8005,2.8678,2.9061,2.9097,2.9618,2.9464,2.9859,2.9183,2.8748,2.8826,2.8951,2.9083,2.8399,2.8991,2.9315,2.9194,2.8777,2.8902,2.8395,2.8079,2.8209,2.8463,2.8526,2.8231,2.7369,2.8021,2.7732,2.7699,2.7892,2.8783,2.9112,2.9457,2.9565,3.0164,2.9688,3.0155,3.0405,2.9638,2.983,3.042,3.048
502000.OF,西部利得中证500指数增强A,1.053,1.0488,1.0528,1.049,1.048,1.0592,1.0558,1.0614,1.0674,1.0687,1.0659,1.0682,1.0747,1.0773,1.0908,1.1021,1.1004,1.1146,1.1141,1.114,1.1157,1.1114,1.0966,1.0964,1.0997,1.1074,1.1158,1.1125,1.1106,1.1217,1.1257,1.139,1.1268,1.1461,1.1619,1.1585,1.1709,1.1699,1.1879,1.2041,1.2089,1.1964,1.2164,1.2221,1.2329,1.2073,1.1931,1.1704,1.2009,1.2101,1.2044,1.2026,1.2278,1.2288,1.224,1.2275,1.235,1.2236,1.2247,1.2277,1.2201,1.2427,1.247,1.2334,1.2451,1.255,1.2767,1.2591,1.254,1.2333,1.2501,1.242,1.2131,1.2212,1.2379,1.2279,1.2306,1.2468,1.2643,1.2587,1.2785,1.2633,1.2595,1.2594,1.2415,1.2456,1.2578,1.2552,1.2575,1.2501,1.2442,1.2578,1.2427,1.2391,1.2279,1.2226,1.2142,1.1793,1.1873,1.2012,1.201,1.201,1.2116,1.2228,1.2145,1.2096,1.2102,1.2228,1.2317,1.2232,1.2284,1.2185,1.2292,1.2251,1.21,1.2331,1.2275,1.2387,1.2512,1.2527,1.265,1.2715,1.2779,1.2736,1.2766,1.2768,1.3073,1.328,1.3363,1.3358,1.3572,1.3817,1.3668,1.3773,1.3816,1.3866,1.3965,1.3878,1.4052,1.4107,1.4425,1.4289,1.4312,1.4358,1.4227,1.4019,1.3552,1.3891,1.3928,1.3712,1.3729,1.3929,1.395,1.3986,1.4101,1.395,1.4071,1.4252,1.4313,1.4449,1.4482,1.3988,1.3905,1.3949,1.4003,1.3884,1.4065,1.4074,1.4008,1.3871,1.3802,1.3582,1.3704,1.3414,1.3311,1.2833,1.3057,1.329,1.3144,1.3275,1.3312,1.3134,1.3332,1.3126,1.3034,1.3073,1.3596,1.3578,1.3677,1.3665,1.3836,1.379,1.4023,1.4046,1.4119,1.4178,1.4316,1.4201,1.4162,1.4236,1.4171,1.4359,1.4289,1.4577,1.4669,1.4672,1.4875,1.4781,1.4916,1.4625,1.4419,1.44,1.4464,1.4538,1.4209,1.4426,1.4545,1.4484,1.4297,1.4336,1.411,1.4,1.401,1.4049,1.3996,1.3837,1.3427,1.3705,1.3569,1.3533,1.3707,1.4133,1.4303,1.449,1.4539,1.4804,1.4572,1.4867,1.5065,1.475,1.4876,1.5193,1.5232
009300.OF,西部利得中证500指数增强C,1.6079,1.6009,1.6075,1.6011,1.5993,1.618,1.6123,1.6216,1.6315,1.6336,1.6289,1.6327,1.6434,1.6476,1.6699,1.6886,1.6858,1.7093,1.7085,1.7081,1.7111,1.7038,1.6793,1.679,1.6845,1.6972,1.711,1.7055,1.7023,1.7207,1.7273,1.7493,1.7291,1.7609,1.787,1.7813,1.8019,1.8003,1.83,1.8567,1.8646,1.844,1.877,1.8863,1.9042,1.8618,1.8383,1.8009,1.8512,1.8663,1.8568,1.8538,1.8956,1.8972,1.8891,1.8949,1.9074,1.8884,1.8902,1.8951,1.8826,1.92,1.927,1.9045,1.9238,1.9401,1.9757,1.9467,1.9381,1.9039,1.9317,1.9183,1.8705,1.8839,1.9114,1.8949,1.8994,1.926,1.9548,1.9455,1.9783,1.9532,1.9468,1.9466,1.917,1.9238,1.944,1.9395,1.9434,1.9311,1.9214,1.9439,1.9188,1.9129,1.8944,1.8855,1.8716,1.8141,1.8272,1.8501,1.8497,1.8499,1.8673,1.8857,1.8719,1.8639,1.8648,1.8856,1.9001,1.8862,1.8948,1.8783,1.896,1.8893,1.8642,1.9024,1.893,1.9115,1.9321,1.9345,1.9548,1.9655,1.9761,1.9689,1.9738,1.9741,2.0244,2.0584,2.0721,2.0714,2.1066,2.1469,2.1223,2.1397,2.1466,2.155,2.1712,2.1569,2.1855,2.1945,2.247,2.2244,2.2283,2.2358,2.2142,2.1798,2.1028,2.1586,2.1647,2.1292,2.1319,2.1647,2.1683,2.1741,2.1931,2.1682,2.1878,2.2177,2.2278,2.2501,2.2554,2.1739,2.1602,2.1676,2.1764,2.1566,2.1865,2.1879,2.1771,2.1545,2.143,2.1068,2.1268,2.0789,2.062,1.9832,2.0201,2.0584,2.0344,2.0559,2.062,2.0325,2.0652,2.0313,2.0161,2.0223,2.1086,2.1056,2.1219,2.1198,2.148,2.1404,2.1788,2.1826,2.1945,2.2042,2.2269,2.208,2.2015,2.2137,2.2029,2.2338,2.2222,2.2696,2.2847,2.2851,2.3186,2.3031,2.3253,2.2774,2.2432,2.24,2.2504,2.2626,2.2083,2.2441,2.2637,2.2537,2.2227,2.2292,2.1919,2.1737,2.1754,2.1818,2.173,2.1468,2.0792,2.1249,2.1026,2.0965,2.1251,2.1953,2.2233,2.254,2.2621,2.3057,2.2674,2.3159,2.3486,2.2967,2.3173,2.3695,2.3758
015508.OF,兴业中证500指数增强C,1.0556,1.0551,1.0597,1.0555,1.0548,1.0652,1.0637,1.0704,1.0773,1.077,1.0764,1.0771,1.0836,1.0869,1.1011,1.1164,1.1204,1.1349,1.1334,1.1359,1.1386,1.1348,1.1194,1.1223,1.1307,1.1402,1.148,1.1438,1.1458,1.1597,1.1608,1.1739,1.1574,1.1744,1.1823,1.1803,1.1933,1.1933,1.2085,1.225,1.2295,1.2099,1.223,1.2284,1.2379,1.2132,1.1992,1.1747,1.205,1.2168,1.2099,1.2105,1.2403,1.2383,1.2352,1.2393,1.2495,1.2384,1.2397,1.2398,1.2269,1.2564,1.2608,1.2538,1.2664,1.2762,1.3005,1.2839,1.2791,1.2494,1.269,1.259,1.223,1.2294,1.2531,1.2446,1.2469,1.2642,1.2844,1.2785,1.3039,1.2863,1.2784,1.2782,1.2593,1.2691,1.2895,1.2917,1.2943,1.2873,1.2863,1.3014,1.286,1.281,1.2709,1.2632,1.2546,1.2158,1.226,1.244,1.2443,1.2438,1.2536,1.268,1.257,1.2541,1.2543,1.2705,1.2822,1.2771,1.2876,1.2737,1.2866,1.2775,1.2604,1.2837,1.2772,1.2914,1.307,1.3103,1.3311,1.3359,1.3409,1.3336,1.336,1.3335,1.3578,1.3783,1.385,1.3855,1.4108,1.4304,1.4144,1.4256,1.4355,1.4434,1.4602,1.4506,1.4715,1.4821,1.504,1.4938,1.4944,1.5054,1.4886,1.4645,1.4123,1.4507,1.454,1.4322,1.4332,1.4533,1.4547,1.4576,1.4725,1.454,1.4748,1.4983,1.5016,1.5155,1.5196,1.4571,1.4542,1.4575,1.4675,1.4612,1.4822,1.4832,1.4771,1.4617,1.4526,1.4238,1.4346,1.4003,1.3845,1.3246,1.3494,1.3718,1.3552,1.3749,1.3772,1.3597,1.3796,1.3534,1.3362,1.343,1.4074,1.3957,1.408,1.4039,1.423,1.4187,1.4354,1.4415,1.4534,1.4552,1.472,1.4594,1.4457,1.4547,1.4364,1.4594,1.4576,1.4879,1.4964,1.4911,1.5165,1.5097,1.5228,1.4939,1.4676,1.4677,1.4785,1.4897,1.4509,1.4794,1.4944,1.4869,1.4693,1.4787,1.4475,1.4342,1.442,1.4515,1.4515,1.4331,1.3898,1.433,1.4148,1.4112,1.4192,1.4692,1.4874,1.5103,1.5191,1.5513,1.5179,1.5411,1.5584,1.5214,1.5344,1.5685,1.5711
005994.OF,国投瑞银中证500量化增强A,2.2044,2.1962,2.2063,2.201,2.1974,2.2224,2.2164,2.2267,2.2417,2.2427,2.2427,2.2438,2.2625,2.2644,2.2865,2.3057,2.2985,2.3265,2.3302,2.334,2.3413,2.3335,2.2988,2.3003,2.3154,2.3334,2.3502,2.3411,2.3371,2.3588,2.3663,2.396,2.3692,2.4134,2.4396,2.4385,2.4643,2.4604,2.4977,2.5333,2.5425,2.5124,2.5545,2.5632,2.5782,2.5331,2.5048,2.4546,2.5253,2.5442,2.5257,2.5279,2.5877,2.5891,2.5823,2.5941,2.6148,2.5868,2.5838,2.591,2.5769,2.6285,2.6352,2.6096,2.6394,2.6623,2.708,2.6696,2.6549,2.6084,2.6439,2.6244,2.5555,2.5739,2.617,2.6025,2.61,2.6464,2.6861,2.6763,2.7189,2.6785,2.6593,2.6574,2.6159,2.6232,2.6606,2.6525,2.6574,2.6387,2.6292,2.6631,2.6273,2.6149,2.5916,2.5836,2.5678,2.4939,2.5132,2.5427,2.5453,2.547,2.5697,2.5939,2.575,2.5668,2.5715,2.605,2.6264,2.6131,2.6226,2.601,2.6237,2.6031,2.5708,2.6234,2.6126,2.6335,2.6543,2.6626,2.6913,2.701,2.7168,2.7033,2.7163,2.709,2.7693,2.8209,2.8303,2.8269,2.8752,2.9183,2.8794,2.8992,2.9092,2.918,2.9352,2.9234,2.9645,2.9798,3.0322,3.0146,3.0247,3.0423,3.0104,2.9662,2.8582,2.9312,2.9369,2.8902,2.8959,2.9433,2.9496,2.9597,2.9862,2.9496,2.9871,3.027,3.0349,3.0551,3.0482,2.9351,2.9218,2.9441,2.9557,2.9281,2.9757,2.9777,2.9696,2.9408,2.9292,2.8766,2.9007,2.827,2.7908,2.6764,2.7359,2.7911,2.753,2.7857,2.7934,2.7577,2.8066,2.7551,2.7262,2.7389,2.8683,2.843,2.8656,2.8688,2.9154,2.9006,2.9475,2.9563,2.994,2.9893,3.0207,2.9832,2.9722,3.0018,2.9712,3.0171,3.0061,3.0839,3.1145,3.1159,3.1865,3.1898,3.2376,3.1705,3.1194,3.1177,3.1347,3.1479,3.0677,3.1211,3.1536,3.158,3.1256,3.134,3.0706,3.045,3.047,3.057,3.0363,3.0037,2.902,2.97,2.9523,2.9388,2.9785,3.076,3.0912,3.1218,3.1227,3.1934,3.1335,3.1892,3.2188,3.1234,3.141,3.2065,3.2188
002906.OF,南方中证500增强A,1.0717,1.0687,1.0729,1.0697,1.0692,1.0804,1.0783,1.0842,1.0922,1.0947,1.0949,1.0966,1.1051,1.1095,1.1188,1.13,1.1278,1.1397,1.14,1.1436,1.147,1.142,1.1284,1.1293,1.1389,1.148,1.1561,1.1522,1.1518,1.1615,1.1657,1.1853,1.1713,1.1929,1.2092,1.207,1.2211,1.2196,1.2415,1.2622,1.2627,1.2453,1.2712,1.2828,1.293,1.2644,1.2467,1.2164,1.2453,1.2585,1.2468,1.2493,1.2809,1.2805,1.2768,1.2833,1.2941,1.2837,1.2842,1.2891,1.2799,1.3087,1.3143,1.3013,1.3162,1.3309,1.3516,1.3328,1.3234,1.2977,1.3144,1.3045,1.2716,1.2806,1.3051,1.297,1.3006,1.32,1.3382,1.3337,1.3522,1.3352,1.3278,1.3268,1.3079,1.3115,1.3297,1.3223,1.3227,1.3142,1.3121,1.3268,1.3111,1.3041,1.2936,1.2894,1.2816,1.2449,1.2523,1.268,1.2701,1.2699,1.2777,1.2876,1.2794,1.2782,1.2786,1.2936,1.3005,1.295,1.301,1.2858,1.2964,1.2905,1.2761,1.298,1.2948,1.3083,1.3168,1.3183,1.3317,1.342,1.3483,1.34,1.3463,1.3447,1.3683,1.389,1.397,1.3956,1.4208,1.4384,1.4206,1.4294,1.4387,1.443,1.4543,1.4477,1.4664,1.4747,1.5001,1.4916,1.4943,1.5028,1.4933,1.4718,1.42,1.458,1.465,1.4427,1.4451,1.4688,1.4713,1.4773,1.4897,1.4674,1.4818,1.5024,1.5065,1.5169,1.5171,1.4623,1.4549,1.4651,1.4725,1.4603,1.4825,1.4875,1.4829,1.4667,1.4601,1.4342,1.4474,1.4069,1.3923,1.3344,1.3633,1.3926,1.3776,1.3946,1.399,1.3767,1.4022,1.3785,1.3622,1.3675,1.4332,1.4244,1.4384,1.4357,1.4546,1.4493,1.4747,1.4782,1.4856,1.4881,1.5014,1.4845,1.4821,1.488,1.4744,1.4977,1.4923,1.523,1.5376,1.5349,1.5534,1.548,1.5657,1.5296,1.5065,1.5028,1.5129,1.5168,1.4782,1.5077,1.518,1.5161,1.4958,1.4995,1.4731,1.4662,1.4724,1.4793,1.4739,1.4586,1.4111,1.4459,1.4333,1.4281,1.4452,1.4918,1.5043,1.5194,1.5224,1.5499,1.5218,1.5478,1.5609,1.5193,1.5263,1.5634,1.5676
007089.OF,国投瑞银中证500量化增强C,2.1492,2.1412,2.151,2.1458,2.1422,2.1665,2.1607,2.1707,2.1853,2.1862,2.1862,2.1873,2.2054,2.2073,2.2287,2.2474,2.2404,2.2677,2.2712,2.2749,2.282,2.2743,2.2404,2.2419,2.2566,2.2741,2.2905,2.2815,2.2776,2.2987,2.3059,2.3349,2.3088,2.3518,2.3772,2.3761,2.4012,2.3975,2.4338,2.4683,2.4773,2.4479,2.4889,2.4974,2.5119,2.468,2.4403,2.3914,2.4603,2.4786,2.4605,2.4627,2.5209,2.5222,2.5155,2.527,2.5472,2.5199,2.5169,2.5238,2.5101,2.5603,2.5668,2.5418,2.5708,2.593,2.6373,2.5999,2.5855,2.5402,2.5747,2.5557,2.4885,2.5064,2.5484,2.5342,2.5415,2.5768,2.6155,2.6059,2.6474,2.608,2.5892,2.5873,2.5468,2.5539,2.5903,2.5824,2.5871,2.5689,2.5596,2.5926,2.5577,2.5455,2.5228,2.515,2.4996,2.4276,2.4463,2.475,2.4776,2.4792,2.5013,2.5247,2.5063,2.4983,2.5028,2.5354,2.5562,2.5432,2.5523,2.5313,2.5534,2.5332,2.5018,2.553,2.5425,2.5627,2.5829,2.591,2.6189,2.6283,2.6436,2.6304,2.643,2.6359,2.6944,2.7445,2.7537,2.7504,2.7974,2.8391,2.8013,2.8205,2.8302,2.8387,2.8554,2.8439,2.8838,2.8986,2.9496,2.9323,2.9421,2.9593,2.9282,2.8852,2.7801,2.8511,2.8565,2.8111,2.8166,2.8626,2.8687,2.8785,2.9042,2.8686,2.9047,2.9435,2.9512,2.9707,2.9639,2.854,2.841,2.8627,2.8739,2.8469,2.8932,2.8951,2.8872,2.8592,2.8478,2.7967,2.82,2.7484,2.7131,2.6019,2.6596,2.7133,2.6762,2.708,2.7153,2.6806,2.7281,2.6781,2.6499,2.6622,2.7879,2.7633,2.7852,2.7883,2.8335,2.8191,2.8647,2.8732,2.9097,2.9051,2.9356,2.8991,2.8884,2.917,2.8872,2.9318,2.9211,2.9966,3.0263,3.0276,3.0961,3.0993,3.1456,3.0804,3.0307,3.029,3.0455,3.0582,2.9803,3.0321,3.0636,3.0678,3.0363,3.0444,2.9828,2.9579,2.9598,2.9694,2.9493,2.9177,2.8187,2.8847,2.8675,2.8544,2.8929,2.9876,3.0023,3.0319,3.0327,3.1013,3.0431,3.0972,3.1259,3.0333,3.0502,3.1138,3.1257
002907.OF,南方中证500增强C,1.0411,1.0382,1.0423,1.0391,1.0386,1.0494,1.0474,1.0532,1.0609,1.0632,1.0634,1.0651,1.0733,1.0776,1.0866,1.0975,1.0954,1.1069,1.1071,1.1106,1.1139,1.1091,1.0958,1.0966,1.1059,1.1148,1.1226,1.1188,1.1184,1.1278,1.1319,1.1509,1.1373,1.1582,1.174,1.1719,1.1856,1.1841,1.2053,1.2255,1.226,1.2091,1.2342,1.2455,1.2554,1.2275,1.2104,1.1809,1.209,1.2217,1.2103,1.2128,1.2435,1.243,1.2394,1.2457,1.2562,1.2461,1.2465,1.2513,1.2424,1.2702,1.2757,1.2631,1.2775,1.2917,1.3117,1.2934,1.2842,1.2593,1.2755,1.2659,1.2339,1.2427,1.2664,1.2585,1.262,1.2808,1.2984,1.294,1.312,1.2955,1.2883,1.2872,1.2689,1.2724,1.29,1.2829,1.2832,1.275,1.2728,1.2871,1.2719,1.265,1.2548,1.2507,1.2432,1.2076,1.2147,1.2299,1.232,1.2317,1.2393,1.2489,1.2409,1.2397,1.2401,1.2547,1.2613,1.2559,1.2617,1.247,1.2573,1.2514,1.2375,1.2588,1.2556,1.2687,1.2769,1.2783,1.2913,1.3013,1.3073,1.2993,1.3054,1.3038,1.3266,1.3466,1.3545,1.3531,1.3774,1.3945,1.3772,1.3857,1.3947,1.3989,1.4098,1.4033,1.4215,1.4295,1.4541,1.4458,1.4484,1.4567,1.4474,1.4266,1.3763,1.4131,1.4199,1.3983,1.4006,1.4235,1.4259,1.4317,1.4437,1.4221,1.4359,1.4558,1.4598,1.4699,1.4699,1.4169,1.4097,1.4196,1.4267,1.4148,1.4364,1.4411,1.4367,1.421,1.4145,1.3894,1.4022,1.3629,1.3488,1.2927,1.3206,1.349,1.3345,1.3509,1.3552,1.3335,1.3582,1.3352,1.3194,1.3245,1.3881,1.3796,1.3931,1.3905,1.4088,1.4036,1.4282,1.4315,1.4387,1.4411,1.454,1.4376,1.4352,1.4409,1.4277,1.4503,1.445,1.4747,1.4887,1.4862,1.504,1.4987,1.5158,1.4809,1.4585,1.4549,1.4647,1.4684,1.431,1.4596,1.4695,1.4676,1.448,1.4515,1.4259,1.4192,1.4252,1.4319,1.4266,1.4118,1.3658,1.3994,1.3872,1.3822,1.3987,1.4438,1.4559,1.4704,1.4733,1.4999,1.4727,1.4978,1.5105,1.4702,1.4769,1.5128,1.5169
005062.OF,博时中证500指数增强A,1.3713,1.3705,1.3751,1.3739,1.3765,1.3911,1.3876,1.3967,1.4078,1.4079,1.4054,1.4028,1.4118,1.4154,1.4304,1.4509,1.4564,1.4726,1.4692,1.4729,1.4797,1.4763,1.4552,1.4557,1.4647,1.4785,1.4869,1.4823,1.4813,1.4964,1.4996,1.5213,1.5008,1.531,1.5546,1.5473,1.569,1.5677,1.5895,1.6157,1.6218,1.5998,1.6256,1.635,1.6465,1.6153,1.5996,1.5632,1.6108,1.6318,1.621,1.6204,1.6601,1.655,1.6508,1.6596,1.6725,1.6604,1.6598,1.6623,1.6517,1.6848,1.6909,1.6829,1.7042,1.7193,1.7422,1.7153,1.7007,1.6658,1.6909,1.6771,1.6368,1.6489,1.6757,1.6589,1.6594,1.6874,1.7106,1.705,1.7329,1.7035,1.6867,1.6825,1.6586,1.6686,1.6898,1.682,1.6839,1.6721,1.6642,1.6824,1.6581,1.6488,1.6337,1.6228,1.613,1.5609,1.5729,1.5882,1.5879,1.5872,1.5996,1.6181,1.6077,1.6035,1.6072,1.6258,1.6389,1.629,1.6333,1.6176,1.6341,1.6237,1.6024,1.6349,1.628,1.6416,1.657,1.6628,1.682,1.6877,1.6986,1.6915,1.6964,1.6948,1.7316,1.7615,1.7653,1.758,1.7863,1.8108,1.7878,1.7991,1.8157,1.8239,1.8392,1.8325,1.8588,1.8678,1.8994,1.8899,1.8943,1.9063,1.8868,1.8554,1.7879,1.833,1.8373,1.81,1.8127,1.842,1.847,1.8555,1.8716,1.8467,1.8737,1.9015,1.9108,1.9192,1.9179,1.8448,1.8354,1.8465,1.8581,1.8388,1.8662,1.8685,1.8591,1.8393,1.826,1.795,1.8073,1.7583,1.7354,1.6635,1.6979,1.732,1.7083,1.7269,1.7298,1.7042,1.7401,1.7122,1.696,1.703,1.7813,1.7736,1.7923,1.7879,1.8122,1.8074,1.8422,1.845,1.8546,1.8607,1.8788,1.8609,1.8595,1.866,1.8547,1.879,1.871,1.917,1.9294,1.9207,1.9569,1.9502,1.9746,1.928,1.8992,1.8923,1.902,1.9162,1.8718,1.905,1.9202,1.9238,1.9018,1.8997,1.8748,1.8618,1.8678,1.8735,1.8673,1.8374,1.7769,1.8175,1.808,1.8019,1.8309,1.8898,1.8954,1.9183,1.9182,1.9706,1.9361,1.9681,1.9894,1.9377,1.9532,1.9794,1.9931
000478.OF,建信中证500指数增强A,2.7366,2.7215,2.7321,2.7284,2.7273,2.76,2.7532,2.7634,2.7814,2.7833,2.7814,2.7804,2.8019,2.8047,2.8343,2.8587,2.8544,2.8865,2.8905,2.9022,2.9165,2.9061,2.8646,2.8663,2.8935,2.913,2.9376,2.9278,2.9269,2.9471,2.9611,3.0044,2.9713,3.0264,3.059,3.0496,3.0784,3.0726,3.116,3.1719,3.1765,3.143,3.1963,3.2148,3.2391,3.1813,3.1404,3.064,3.1522,3.1778,3.158,3.1628,3.2444,3.2443,3.2329,3.245,3.2786,3.2398,3.2375,3.2461,3.2198,3.2803,3.2935,3.2573,3.299,3.3263,3.372,3.3226,3.3047,3.2394,3.2845,3.2557,3.1761,3.1946,3.2518,3.231,3.2379,3.2852,3.3342,3.3204,3.3773,3.3259,3.2996,3.2932,3.244,3.2579,3.3033,3.2884,3.292,3.267,3.2536,3.2909,3.2496,3.2354,3.2061,3.1962,3.1757,3.08,3.1023,3.1419,3.1484,3.151,3.1747,3.202,3.1816,3.1739,3.1826,3.2159,3.2432,3.2285,3.2402,3.2093,3.2426,3.2247,3.1869,3.2432,3.2251,3.2509,3.2778,3.2865,3.3205,3.336,3.3573,3.3418,3.3495,3.3432,3.4172,3.4776,3.4908,3.4789,3.5396,3.5904,3.5557,3.5629,3.5871,3.6003,3.6336,3.6258,3.6746,3.6896,3.753,3.7325,3.7445,3.7632,3.7225,3.6726,3.5379,3.6261,3.6296,3.5797,3.5842,3.6378,3.6368,3.6562,3.6844,3.6389,3.6714,3.7289,3.7327,3.757,3.7498,3.6107,3.5887,3.6117,3.641,3.6063,3.6631,3.6678,3.6443,3.6107,3.5928,3.533,3.5636,3.4728,3.4422,3.2965,3.3707,3.4412,3.4009,3.44,3.4491,3.3919,3.4566,3.3973,3.365,3.3774,3.5302,3.5055,3.5376,3.53,3.5792,3.5688,3.6333,3.6434,3.6642,3.6698,3.7055,3.6694,3.6487,3.6716,3.6438,3.7,3.6897,3.7673,3.8016,3.7903,3.8487,3.8282,3.8813,3.7885,3.7274,3.7395,3.7621,3.7863,3.7069,3.7712,3.8154,3.8018,3.7572,3.7678,3.695,3.6621,3.6821,3.6964,3.6991,3.6496,3.5397,3.6209,3.5913,3.5797,3.6208,3.7418,3.7772,3.8215,3.8345,3.8951,3.8221,3.8756,3.9243,3.83,3.8524,3.9254,3.9237
161017.OF,富国中证500指数增强A,2.633,2.628,2.635,2.633,2.634,2.654,2.651,2.662,2.673,2.68,2.676,2.675,2.687,2.694,2.716,2.738,2.732,2.756,2.752,2.749,2.755,2.751,2.716,2.719,2.734,2.749,2.764,2.759,2.759,2.776,2.782,2.808,2.783,2.824,2.85,2.844,2.871,2.868,2.899,2.936,2.945,2.912,2.954,2.974,2.993,2.949,2.919,2.865,2.933,2.953,2.936,2.938,2.996,3.0,2.995,3.009,3.03,3.009,3.005,3.018,3.007,3.053,3.063,3.032,3.064,3.083,3.115,3.076,3.061,3.005,3.042,3.021,2.953,2.972,3.014,2.997,3.001,3.04,3.077,3.066,3.109,3.07,3.053,3.056,3.016,3.021,3.061,3.055,3.058,3.04,3.028,3.061,3.026,3.021,2.997,2.992,2.975,2.903,2.918,2.948,2.957,2.957,2.98,3.001,2.984,2.976,2.982,3.011,3.031,3.015,3.029,3.004,3.033,3.014,2.979,3.028,3.016,3.036,3.063,3.065,3.091,3.103,3.117,3.105,3.114,3.109,3.161,3.211,3.228,3.221,3.26,3.296,3.269,3.292,3.303,3.304,3.325,3.314,3.349,3.368,3.41,3.395,3.405,3.425,3.4,3.364,3.259,3.33,3.338,3.293,3.297,3.347,3.347,3.354,3.378,3.341,3.377,3.419,3.431,3.45,3.45,3.333,3.319,3.344,3.364,3.333,3.379,3.379,3.364,3.336,3.316,3.264,3.285,3.207,3.173,3.068,3.123,3.178,3.146,3.177,3.184,3.151,3.2,3.154,3.125,3.133,3.259,3.241,3.265,3.263,3.301,3.286,3.324,3.333,3.357,3.364,3.386,3.352,3.338,3.357,3.322,3.366,3.361,3.427,3.458,3.457,3.5,3.485,3.518,3.447,3.406,3.408,3.426,3.437,3.374,3.427,3.456,3.457,3.421,3.429,3.377,3.352,3.362,3.371,3.364,3.321,3.234,3.3,3.269,3.258,3.292,3.383,3.413,3.446,3.456,3.517,3.454,3.504,3.538,3.458,3.478,3.541,3.538
004192.OF,招商中证500指数增强A,1.4887,1.4842,1.4915,1.4882,1.4883,1.5071,1.504,1.5106,1.5189,1.5229,1.5238,1.5241,1.5374,1.5404,1.5586,1.5772,1.5746,1.5917,1.5889,1.5936,1.6013,1.5959,1.5731,1.5719,1.581,1.5934,1.6065,1.604,1.6072,1.6242,1.6284,1.6446,1.6244,1.6524,1.6704,1.6674,1.686,1.6848,1.708,1.7351,1.7404,1.7159,1.738,1.7463,1.7625,1.7275,1.7104,1.6784,1.7207,1.7415,1.7325,1.7267,1.7613,1.7657,1.7627,1.7684,1.7842,1.7706,1.7709,1.7697,1.756,1.7861,1.7967,1.7838,1.8026,1.8159,1.8498,1.8343,1.8257,1.7904,1.814,1.797,1.7531,1.7662,1.7945,1.7815,1.7862,1.8053,1.8303,1.8254,1.852,1.8313,1.8233,1.8228,1.7958,1.8035,1.8289,1.8238,1.8245,1.8148,1.8077,1.8284,1.809,1.8013,1.7799,1.7732,1.7608,1.7105,1.7247,1.7441,1.7452,1.7465,1.7625,1.7806,1.7754,1.7679,1.7672,1.7887,1.8,1.7844,1.7909,1.7737,1.7905,1.7868,1.7645,1.7948,1.7905,1.8091,1.8255,1.8254,1.8465,1.8559,1.8628,1.8562,1.8614,1.8596,1.8951,1.9254,1.9321,1.933,1.9662,2.0018,1.9774,1.9894,1.9973,1.9994,2.0182,2.0129,2.0399,2.0572,2.0884,2.072,2.0791,2.0933,2.0739,2.0456,1.9625,2.0146,2.0243,1.9998,2.0036,2.0336,2.0361,2.048,2.0687,2.0399,2.0639,2.0903,2.0993,2.1188,2.1128,2.0338,2.0181,2.0295,2.0418,2.0222,2.0548,2.0605,2.0549,2.0324,2.0157,1.9776,1.9921,1.9438,1.9217,1.8408,1.8852,1.9225,1.8957,1.9131,1.9154,1.8869,1.9194,1.8841,1.8669,1.8768,1.9567,1.9465,1.9689,1.9689,1.9898,1.9792,2.0068,2.014,2.0289,2.0347,2.0562,2.0391,2.0263,2.0358,2.0193,2.0462,2.0352,2.0733,2.0901,2.092,2.1187,2.1035,2.1231,2.0781,2.0509,2.0464,2.0608,2.064,2.0252,2.0554,2.075,2.0788,2.0572,2.0603,2.025,2.0236,2.024,2.0311,2.02,2.002,1.9435,1.9774,1.9527,1.9429,1.9718,2.0277,2.0374,2.05,2.0465,2.0892,2.051,2.0689,2.0818,2.0177,2.0266,2.053,2.0665
013332.OF,富国中证500指数增强C,2.248,2.243,2.25,2.248,2.249,2.268,2.266,2.276,2.288,2.295,2.291,2.289,2.301,2.308,2.33,2.352,2.346,2.37,2.366,2.363,2.369,2.365,2.33,2.333,2.348,2.363,2.377,2.373,2.373,2.39,2.396,2.421,2.396,2.437,2.462,2.457,2.484,2.481,2.512,2.548,2.557,2.524,2.566,2.586,2.605,2.561,2.531,2.478,2.545,2.565,2.548,2.549,2.607,2.612,2.607,2.62,2.641,2.62,2.616,2.629,2.618,2.664,2.673,2.643,2.675,2.693,2.725,2.686,2.671,2.615,2.652,2.631,2.564,2.583,2.624,2.608,2.612,2.65,2.687,2.676,2.718,2.68,2.664,2.666,2.627,2.631,2.671,2.665,2.668,2.65,2.638,2.671,2.637,2.631,2.608,2.602,2.585,2.514,2.529,2.558,2.568,2.568,2.591,2.611,2.594,2.587,2.593,2.621,2.641,2.625,2.639,2.614,2.642,2.624,2.589,2.638,2.626,2.645,2.672,2.675,2.701,2.712,2.726,2.714,2.723,2.718,2.77,2.819,2.836,2.829,2.867,2.903,2.876,2.899,2.91,2.911,2.932,2.921,2.956,2.974,3.016,3.001,3.011,3.031,3.006,2.97,2.866,2.937,2.945,2.9,2.903,2.953,2.954,2.96,2.984,2.947,2.983,3.024,3.036,3.055,3.055,2.939,2.925,2.95,2.969,2.939,2.985,2.984,2.969,2.942,2.922,2.871,2.891,2.814,2.78,2.676,2.731,2.785,2.754,2.784,2.791,2.759,2.807,2.761,2.733,2.74,2.866,2.847,2.871,2.869,2.907,2.892,2.929,2.939,2.962,2.969,2.991,2.957,2.943,2.962,2.927,2.971,2.966,3.031,3.062,3.06,3.104,3.089,3.121,3.051,3.01,3.012,3.03,3.041,2.978,3.031,3.06,3.06,3.025,3.033,2.982,2.957,2.966,2.975,2.968,2.925,2.84,2.905,2.874,2.863,2.897,2.987,3.017,3.049,3.059,3.12,3.057,3.106,3.14,3.061,3.081,3.144,3.141
004193.OF,招商中证500指数增强C,1.4533,1.4489,1.4559,1.4527,1.4528,1.4711,1.4681,1.4745,1.4826,1.4865,1.4873,1.4876,1.5006,1.5035,1.5211,1.5393,1.5367,1.5534,1.5507,1.5553,1.5627,1.5575,1.5351,1.5339,1.5428,1.5549,1.5677,1.5652,1.5683,1.5849,1.5889,1.6047,1.585,1.6123,1.6298,1.6269,1.645,1.6438,1.6664,1.6928,1.6979,1.6741,1.6955,1.7036,1.7195,1.6852,1.6685,1.6373,1.6786,1.6988,1.69,1.6843,1.7181,1.7223,1.7193,1.7249,1.7402,1.727,1.7273,1.726,1.7127,1.742,1.7523,1.7397,1.758,1.7709,1.8038,1.7887,1.7802,1.7458,1.7688,1.7522,1.7094,1.7221,1.7496,1.737,1.7416,1.7601,1.7844,1.7796,1.8056,1.7853,1.7776,1.777,1.7507,1.7581,1.7829,1.7779,1.7786,1.769,1.7622,1.7823,1.7633,1.7558,1.7349,1.7284,1.7163,1.6672,1.681,1.6999,1.701,1.7022,1.7178,1.7353,1.7302,1.7229,1.7223,1.7432,1.7541,1.7389,1.7452,1.7285,1.7448,1.7411,1.7194,1.7489,1.7447,1.7628,1.7787,1.7786,1.7991,1.8082,1.8149,1.8085,1.8136,1.8117,1.8462,1.8757,1.8823,1.8831,1.9154,1.9501,1.9262,1.9379,1.9456,1.9476,1.9659,1.9607,1.9869,2.0038,2.0342,2.0181,2.025,2.0389,2.0199,1.9923,1.9114,1.9621,1.9715,1.9475,1.9512,1.9804,1.9828,1.9944,2.0146,1.9865,2.0096,2.0353,2.044,2.063,2.0571,1.9801,1.9648,1.9759,1.9879,1.9687,2.0004,2.006,2.0005,1.9785,1.9623,1.9251,1.9392,1.8922,1.8707,1.7918,1.835,1.8713,1.8452,1.8622,1.8644,1.8365,1.8681,1.8338,1.817,1.8266,1.9043,1.8944,1.9162,1.9161,1.9364,1.9261,1.9529,1.9599,1.9744,1.9799,2.0008,1.9842,1.9717,1.9809,1.9648,1.991,1.9803,2.0172,2.0335,2.0354,2.0613,2.0464,2.0655,2.0217,1.9951,1.9908,2.0048,2.0079,1.9701,1.9994,2.0184,2.0221,2.0011,2.0041,1.9697,1.9683,1.9687,1.9755,1.9647,1.9471,1.8903,1.9232,1.8991,1.8896,1.9177,1.9719,1.9814,1.9935,1.9902,2.0316,1.9944,2.0118,2.0244,1.962,1.9706,1.9962,2.0093
001050.OF,汇添富中证500指数增强A,1.9672,1.9653,1.9728,1.9675,1.9682,1.9863,1.9809,1.9913,2.0017,2.0042,1.9991,2.0016,2.0137,2.0199,2.041,2.059,2.0526,2.0741,2.0761,2.0761,2.0805,2.0748,2.0474,2.0492,2.06,2.0732,2.085,2.0826,2.0821,2.0992,2.1042,2.1264,2.1038,2.134,2.1536,2.1548,2.1771,2.1729,2.1946,2.214,2.2194,2.1875,2.2155,2.219,2.2267,2.193,2.1652,2.1339,2.178,2.1965,2.1831,2.1824,2.2261,2.2259,2.2201,2.2295,2.2458,2.2271,2.2247,2.2277,2.2153,2.2518,2.257,2.2429,2.2641,2.2795,2.3129,2.2918,2.2823,2.2492,2.2744,2.2591,2.2088,2.2209,2.2517,2.2423,2.2522,2.2727,2.3007,2.2938,2.3201,2.2915,2.2853,2.2872,2.261,2.2679,2.2944,2.2891,2.2938,2.2827,2.2751,2.2957,2.2727,2.2632,2.2473,2.2401,2.2279,2.1711,2.1859,2.2067,2.2037,2.2067,2.2234,2.2446,2.2322,2.2278,2.2304,2.2541,2.2638,2.2504,2.2566,2.2374,2.2574,2.2482,2.2234,2.2511,2.2486,2.2708,2.2849,2.2822,2.3018,2.3134,2.3221,2.3119,2.3202,2.319,2.3587,2.3999,2.4016,2.4023,2.4367,2.4704,2.4469,2.4601,2.4697,2.4727,2.4942,2.4916,2.5154,2.5235,2.5599,2.5451,2.5485,2.5615,2.5446,2.5136,2.4365,2.489,2.4963,2.4668,2.4676,2.5031,2.5102,2.519,2.5323,2.504,2.5324,2.5628,2.5691,2.5842,2.5739,2.4923,2.4754,2.4926,2.5108,2.4864,2.5191,2.5256,2.5155,2.4951,2.4831,2.447,2.4606,2.4063,2.3754,2.2862,2.3284,2.3685,2.3407,2.3673,2.3702,2.3395,2.3755,2.3429,2.3208,2.3324,2.4199,2.4072,2.4276,2.4206,2.4467,2.4376,2.4674,2.4697,2.4843,2.4835,2.5013,2.482,2.4705,2.4832,2.4629,2.4943,2.4887,2.5356,2.5573,2.5585,2.586,2.5732,2.6042,2.5519,2.525,2.5249,2.5468,2.5517,2.4975,2.5365,2.5646,2.5648,2.5349,2.5423,2.4963,2.4854,2.4901,2.494,2.4849,2.4691,2.402,2.4487,2.4261,2.4148,2.4411,2.5054,2.5212,2.5426,2.545,2.5897,2.5525,2.5789,2.5912,2.5286,2.5546,2.5987,2.6065
016854.OF,汇添富中证500指数增强C,1.9476,1.9457,1.9531,1.9479,1.9485,1.9663,1.961,1.9712,1.9815,1.984,1.9789,1.9813,1.9933,1.9994,2.0202,2.0379,2.0316,2.0528,2.0548,2.0547,2.059,2.0534,2.0263,2.0281,2.0387,2.0517,2.0633,2.0609,2.0604,2.0773,2.0822,2.1041,2.0817,2.1115,2.1309,2.132,2.154,2.1499,2.1713,2.1904,2.1958,2.1642,2.1918,2.1953,2.2029,2.1696,2.142,2.1112,2.1547,2.1728,2.1596,2.1589,2.202,2.2018,2.196,2.2053,2.2214,2.2029,2.2005,2.2034,2.1911,2.2272,2.2323,2.2183,2.2392,2.2544,2.2872,2.2664,2.2569,2.2242,2.2491,2.2339,2.1843,2.1961,2.2265,2.2172,2.227,2.2471,2.2748,2.2679,2.2938,2.2655,2.2594,2.2612,2.2353,2.2421,2.2683,2.263,2.2676,2.2566,2.249,2.2694,2.2467,2.2373,2.2215,2.2144,2.2023,2.1463,2.1608,2.1813,2.1783,2.1812,2.1978,2.2186,2.2063,2.202,2.2045,2.2279,2.2374,2.2241,2.2302,2.2112,2.231,2.2218,2.1973,2.2247,2.2221,2.244,2.2579,2.2552,2.2745,2.2859,2.2945,2.2844,2.2925,2.2913,2.3304,2.371,2.3727,2.3733,2.4073,2.4404,2.4172,2.4302,2.4396,2.4426,2.4637,2.4612,2.4846,2.4926,2.5284,2.5138,2.5171,2.5299,2.5132,2.4826,2.4065,2.4582,2.4654,2.4363,2.4371,2.472,2.479,2.4876,2.5007,2.4727,2.5005,2.5305,2.5367,2.5515,2.5413,2.4609,2.4441,2.461,2.479,2.4548,2.4871,2.4935,2.4835,2.4633,2.4514,2.4159,2.4292,2.3756,2.3451,2.2572,2.2988,2.3383,2.3108,2.3371,2.3399,2.3096,2.345,2.3129,2.2911,2.3024,2.3886,2.3761,2.3962,2.3892,2.4149,2.4059,2.4352,2.4374,2.4518,2.4509,2.4685,2.4495,2.4381,2.4505,2.4305,2.4614,2.4559,2.502,2.5233,2.5245,2.5515,2.5388,2.5694,2.5177,2.4913,2.491,2.5125,2.5172,2.4639,2.5023,2.5299,2.5301,2.5006,2.5079,2.4625,2.4517,2.4563,2.4601,2.4511,2.4355,2.3694,2.4154,2.3931,2.3819,2.4078,2.471,2.4866,2.5076,2.51,2.5539,2.5173,2.5432,2.5553,2.4936,2.5192,2.5625,2.5702
021186.OF,中信保诚中证500指数增强C,1.318,1.309,1.3096,1.3077,1.3084,1.321,1.3196,1.3262,1.3351,1.3363,1.3369,1.3346,1.3486,1.3527,1.3629,1.3728,1.3687,1.3834,1.3861,1.3879,1.3944,1.3896,1.3735,1.3737,1.3845,1.3923,1.4011,1.3949,1.3896,1.4006,1.408,1.4265,1.4094,1.4368,1.4574,1.4561,1.4718,1.4682,1.4882,1.5106,1.5141,1.4972,1.5209,1.527,1.534,1.506,1.4845,1.4449,1.4822,1.495,1.4847,1.4836,1.5171,1.5152,1.5066,1.5112,1.5239,1.5133,1.5163,1.5201,1.5136,1.5454,1.5465,1.5352,1.5515,1.5667,1.5907,1.5698,1.5631,1.5361,1.5576,1.5412,1.5003,1.512,1.5334,1.5181,1.5223,1.5437,1.5672,1.5588,1.5862,1.5619,1.551,1.5502,1.5262,1.535,1.5531,1.5485,1.549,1.54,1.5292,1.5465,1.5304,1.5199,1.5047,1.5021,1.4907,1.4471,1.4559,1.4714,1.4688,1.4716,1.4854,1.5011,1.4923,1.4876,1.4902,1.5103,1.5171,1.5072,1.5159,1.5065,1.5214,1.5199,1.4993,1.5289,1.5261,1.5372,1.5472,1.5461,1.5676,1.585,1.5958,1.5893,1.5916,1.5922,1.625,1.6592,1.664,1.6625,1.6903,1.7178,1.6987,1.7072,1.7184,1.728,1.7399,1.7324,1.7549,1.7699,1.8097,1.7926,1.8098,1.8211,1.8056,1.7814,1.7097,1.7601,1.7596,1.739,1.7357,1.7688,1.7705,1.7738,1.7954,1.775,1.7911,1.8232,1.8401,1.8593,1.8563,1.7797,1.7711,1.7727,1.7824,1.7643,1.7895,1.781,1.7717,1.7461,1.7323,1.7047,1.7146,1.6708,1.6512,1.5888,1.6171,1.645,1.6219,1.6394,1.6375,1.6092,1.6322,1.6043,1.5858,1.5993,1.6588,1.6496,1.6681,1.6659,1.6817,1.6686,1.6981,1.6995,1.7156,1.7192,1.7287,1.7071,1.7057,1.7144,1.707,1.7277,1.7221,1.7522,1.7524,1.7441,1.7651,1.7497,1.7666,1.7243,1.6959,1.6934,1.6973,1.7078,1.6683,1.6917,1.7061,1.7184,1.7012,1.704,1.6806,1.6801,1.6835,1.6814,1.6595,1.6421,1.5899,1.6152,1.599,1.5946,1.6233,1.6666,1.6699,1.6767,1.683,1.712,1.6835,1.7125,1.7249,1.6775,1.7021,1.7307,1.7398
